cisi,ext_id,motif,ext_direction,ext_line_count,ext_object_type,source
Agr-1,S1,unknown,R-L,1,unknown,joyboseroy/indus_decipher:indus_website
Agr-2,S2,unknown,R-L,1,unknown,joyboseroy/indus_decipher:indus_website
Agr-3,S3,unknown,R-L,1,unknown,joyboseroy/indus_decipher:indus_website
Ad-1,S6,Bull1,L-R,1,unknown,joyboseroy/indus_decipher:indus_website
Ad-2,S7,Bull1:J,L-R,1,unknown,joyboseroy/indus_decipher:indus_website
Ad-3,S8,Bull1:II,L-R,1,unknown,joyboseroy/indus_decipher:indus_website
Ad-4,S9,Bull1:II,L-R,1,unknown,joyboseroy/indus_decipher:indus_website
Ad-5,S10,Bull1,L-R,1,unknown,joyboseroy/indus_decipher:indus_website
Ad-6,S11,Rhin,L-R,1,unknown,joyboseroy/indus_decipher:indus_website
Ai-7,S17,unknown,R-L,1,unknown,joyboseroy/indus_decipher:indus_website
Blk-1,S19,Bull1,L-R,1,unknown,joyboseroy/indus_decipher:indus_website
Blk-2,S20,Bull1,L-R,1,unknown,joyboseroy/indus_decipher:indus_website
Blk-4,S22,Bull1:II,L-R,1,unknown,joyboseroy/indus_decipher:indus_website
B-1,S27,Bull1:O,L-R,1,unknown,joyboseroy/indus_decipher:indus_website
B-3,S28,Bull1,L-R,1,unknown,joyboseroy/indus_decipher:indus_website
B-4,S29,Bull3,L-R,1,unknown,joyboseroy/indus_decipher:indus_website
B-5,S30,Bull3,L-R,1,unknown,joyboseroy/indus_decipher:indus_website
B-7,S31,Buff,L-R,1,unknown,joyboseroy/indus_decipher:indus_website
B-8,S32,Goat:4,L-R,1,unknown,joyboseroy/indus_decipher:indus_website
B-9,S33,Goat:3,L-R,1,unknown,joyboseroy/indus_decipher:indus_website
B-15,S36,Rhin,L-R,1,unknown,joyboseroy/indus_decipher:indus_website
B-17,S37,Htgr,L-R,1,unknown,joyboseroy/indus_decipher:indus_website
B-19,S39,unknown,L-R,1,unknown,joyboseroy/indus_decipher:indus_website
B-21,S40,unknown,L-R,1,unknown,joyboseroy/indus_decipher:indus_website
Ch-2,S54,unknown,L-R,1,unknown,joyboseroy/indus_decipher:indus_website
C-87,S57,unknown,L-R,1,unknown,joyboseroy/indus_decipher:indus_website
C-72,S58,Bull3,R-L,1,unknown,joyboseroy/indus_decipher:indus_website
C-80,S60,Bull1:W,L-R,1,unknown,joyboseroy/indus_decipher:indus_website
C-66,S61,Bull1:W,L-R,1,unknown,joyboseroy/indus_decipher:indus_website
C-54,S64,Bull1:W,L-R,1,unknown,joyboseroy/indus_decipher:indus_website
C-59,S65,Bull1:V,L-R,1,unknown,joyboseroy/indus_decipher:indus_website
C-69,S66,Bull1:J,L-R,1,unknown,joyboseroy/indus_decipher:indus_website
C-75,S67,Elep,L-R,1,unknown,joyboseroy/indus_decipher:indus_website
C-55,S68,Bull1,L-R,1,unknown,joyboseroy/indus_decipher:indus_website
C-60,S69,Bull1:W,L-R,1,unknown,joyboseroy/indus_decipher:indus_website
C-70,S70,Bull1:II,L-R,1,unknown,joyboseroy/indus_decipher:indus_website
C-53,S71,Bull1,L-R,1,unknown,joyboseroy/indus_decipher:indus_website
C-76,S72,Gaur,L-R,1,unknown,joyboseroy/indus_decipher:indus_website
C-68,S73,Bull1,L-R,1,unknown,joyboseroy/indus_decipher:indus_website
C-58,S74,Bull1,L-R,1,unknown,joyboseroy/indus_decipher:indus_website
C-79,S75,unknown,R-L,1,unknown,joyboseroy/indus_decipher:indus_website
C-74,S76,Gaur,L-R,1,unknown,joyboseroy/indus_decipher:indus_website
C-51,S77,Bull1:W,L-R,1,unknown,joyboseroy/indus_decipher:indus_website
C-56,S79,Bull1:I,L-R,1,unknown,joyboseroy/indus_decipher:indus_website
C-61,S80,Bull1,L-R,1,unknown,joyboseroy/indus_decipher:indus_website
C-78,S81,unknown,L-R,1,unknown,joyboseroy/indus_decipher:indus_website
C-63,S85,Bull1:S,L-R,1,unknown,joyboseroy/indus_decipher:indus_website
C-67,S87,Bull1:S,L-R,1,unknown,joyboseroy/indus_decipher:indus_website
C-77,S88,T-A-T,L-R,1,unknown,joyboseroy/indus_decipher:indus_website
C-1,S89,Bull1,L-R,1,unknown,joyboseroy/indus_decipher:indus_website
C-2,S90,Bull1:L,L-R,1,unknown,joyboseroy/indus_decipher:indus_website
C-3,S91,Bull1:W,L-R,1,unknown,joyboseroy/indus_decipher:indus_website
C-4,S92,Bull1:L,L-R,1,unknown,joyboseroy/indus_decipher:indus_website
C-5,S93,Bull1:I,L-R,1,unknown,joyboseroy/indus_decipher:indus_website
C-6,S94,Bull1:J,L-R,1,unknown,joyboseroy/indus_decipher:indus_website
C-8,S96,Bull1:J,L-R,1,unknown,joyboseroy/indus_decipher:indus_website
C-9,S97,Bull1:J,L-R,1,unknown,joyboseroy/indus_decipher:indus_website
C-10,S98,Bull1:W,L-R,1,unknown,joyboseroy/indus_decipher:indus_website
C-11,S99,Bull1:I,L-R,1,unknown,joyboseroy/indus_decipher:indus_website
C-12,S100,Bull1:L,L-R,1,unknown,joyboseroy/indus_decipher:indus_website
C-15,S103,Bull1:W,L-R,1,unknown,joyboseroy/indus_decipher:indus_website
C-16,S104,Bull1:L,L-R,1,unknown,joyboseroy/indus_decipher:indus_website
C-17,S105,Bull1:I,L-R,1,unknown,joyboseroy/indus_decipher:indus_website
C-20,S107,Bull1:I,L-R,1,unknown,joyboseroy/indus_decipher:indus_website
C-21,S108,Bull1:II,L-R,1,unknown,joyboseroy/indus_decipher:indus_website
C-24,S111,Tigr,L-R,1,unknown,joyboseroy/indus_decipher:indus_website
C-30,S113,unknown,L-R,1,unknown,joyboseroy/indus_decipher:indus_website
C-32,S114,Bull1:W,L-R,1,unknown,joyboseroy/indus_decipher:indus_website
Dlp-1,S123,unknown,L-R,1,unknown,joyboseroy/indus_decipher:indus_website
Dlv-1,S145,Bull1:J,L-R,1,unknown,joyboseroy/indus_decipher:indus_website
Grb-1,S157,unknown,L-R,1,unknown,joyboseroy/indus_decipher:indus_website
H-1189,S162,unknown,L-R,1,unknown,joyboseroy/indus_decipher:indus_website
H-1397,S170,unknown,L-R,1,unknown,joyboseroy/indus_decipher:indus_website
H-1086,S173,unknown,L-R,1,unknown,joyboseroy/indus_decipher:indus_website
H-1085,S176,unknown,L-R,1,unknown,joyboseroy/indus_decipher:indus_website
H-1422,S181,unknown,L-R,1,unknown,joyboseroy/indus_decipher:indus_website
H-1138,S198,unknown,L-R,1,unknown,joyboseroy/indus_decipher:indus_website
H-423,S199,Bull1,L-R,1,unknown,joyboseroy/indus_decipher:indus_website
H-661,S205,unknown,L-R,1,unknown,joyboseroy/indus_decipher:indus_website
H-294,S217,S590,L-R,1,unknown,joyboseroy/indus_decipher:indus_website
H-1177,S218,unknown,L-R,1,unknown,joyboseroy/indus_decipher:indus_website
H-1142,S220,Fish,R-L,1,unknown,joyboseroy/indus_decipher:indus_website
H-1326,S221,Bult,L-R,1,unknown,joyboseroy/indus_decipher:indus_website
H-1354,S222,Bult,L-R,1,unknown,joyboseroy/indus_decipher:indus_website
H-1312,S229,unknown,L-R,1,unknown,joyboseroy/indus_decipher:indus_website
H-1355,S232,Bult,R-L,1,unknown,joyboseroy/indus_decipher:indus_website
H-1047,S233,Bull1:W,L-R,1,unknown,joyboseroy/indus_decipher:indus_website
H-1056,S237,Bull1,L-R,1,unknown,joyboseroy/indus_decipher:indus_website
H-73,S240,Bull1:I,L-R,1,unknown,joyboseroy/indus_decipher:indus_website
H-1045,S246,Bull1:U,L-R,1,unknown,joyboseroy/indus_decipher:indus_website
H-1513,S248,unknown,L-R,1,unknown,joyboseroy/indus_decipher:indus_website
H-1133,S249,unknown,L-R,1,unknown,joyboseroy/indus_decipher:indus_website
H-1319,S255,unknown,L-R,1,unknown,joyboseroy/indus_decipher:indus_website
H-1309,S257,unknown,R-L,1,unknown,joyboseroy/indus_decipher:indus_website
H-1121,S258,unknown,R-L,1,unknown,joyboseroy/indus_decipher:indus_website
H-1051,S259,Bull1:I,L-R,1,unknown,joyboseroy/indus_decipher:indus_website
H-1052,S261,Bull1,L-R,1,unknown,joyboseroy/indus_decipher:indus_website
H-1287,S264,unknown,L-R,1,unknown,joyboseroy/indus_decipher:indus_website
H-1273,S265,unknown,L-R,1,unknown,joyboseroy/indus_decipher:indus_website
H-1158,S266,Gavi,R-L,1,unknown,joyboseroy/indus_decipher:indus_website
H-1188,S268,unknown,L-R,1,unknown,joyboseroy/indus_decipher:indus_website
H-1102,S273,unknown,L-R,1,unknown,joyboseroy/indus_decipher:indus_website
H-1331,S281,unknown,L-R,1,unknown,joyboseroy/indus_decipher:indus_website
H-1330,S282,unknown,L-R,1,unknown,joyboseroy/indus_decipher:indus_website
H-1030,S284,Bull1:W,L-R,1,unknown,joyboseroy/indus_decipher:indus_website
H-1402,S288,unknown,L-R,1,unknown,joyboseroy/indus_decipher:indus_website
H-1112,S290,unknown,L-R,1,unknown,joyboseroy/indus_decipher:indus_website
H-1032,S292,Bull1:W,L-R,1,unknown,joyboseroy/indus_decipher:indus_website
H-1033,S293,Bull1:W,L-R,1,unknown,joyboseroy/indus_decipher:indus_website
H-161,S294,unknown,L-R,1,unknown,joyboseroy/indus_decipher:indus_website
H-1187,S295,Bult,L-R,1,unknown,joyboseroy/indus_decipher:indus_website
H-874,S297,unknown,L-R,1,unknown,joyboseroy/indus_decipher:indus_website
H-1043,S303,Bull1:W,L-R,1,unknown,joyboseroy/indus_decipher:indus_website
H-1080,S306,unknown,L-R,1,unknown,joyboseroy/indus_decipher:indus_website
H-911,S310,unknown,L-R,1,unknown,joyboseroy/indus_decipher:indus_website
H-1192,S311,unknown,L-R,1,unknown,joyboseroy/indus_decipher:indus_website
H-1123,S313,unknown,L-R,1,unknown,joyboseroy/indus_decipher:indus_website
H-1517,S315,unknown,L-R,1,unknown,joyboseroy/indus_decipher:indus_website
H-1321,S317,unknown,L-R,1,unknown,joyboseroy/indus_decipher:indus_website
H-1028,S318,Bull1:W,L-R,1,unknown,joyboseroy/indus_decipher:indus_website
H-1077,S319,unknown,L-R,1,unknown,joyboseroy/indus_decipher:indus_website
H-1027,S322,Bull1:W,L-R,1,unknown,joyboseroy/indus_decipher:indus_website
H-2016,S370,unknown,L-R,1,unknown,joyboseroy/indus_decipher:indus_website
H-1771,S371,Goat:4,R-L,1,unknown,joyboseroy/indus_decipher:indus_website
H-1924,S373,unknown,L-R,1,unknown,joyboseroy/indus_decipher:indus_website
H-1881,S375,unknown,L-R,1,unknown,joyboseroy/indus_decipher:indus_website
H-1776,S378,Elep,L-R,1,unknown,joyboseroy/indus_decipher:indus_website
H-1996,S379,unknown,L-R,1,unknown,joyboseroy/indus_decipher:indus_website
H-1894,S382,unknown,L-R,1,unknown,joyboseroy/indus_decipher:indus_website
H-1773,S383,Goat:4,R-L,1,unknown,joyboseroy/indus_decipher:indus_website
H-1853,S386,unknown,L-R,1,unknown,joyboseroy/indus_decipher:indus_website
H-1874,S388,unknown,L-R,1,unknown,joyboseroy/indus_decipher:indus_website
H-2063,S390,unknown,L-R,1,unknown,joyboseroy/indus_decipher:indus_website
H-1858,S392,unknown,L-R,1,unknown,joyboseroy/indus_decipher:indus_website
H-1981,S393,Tri4,L-R,1,unknown,joyboseroy/indus_decipher:indus_website
H-1987,S394,unknown,L-R,1,unknown,joyboseroy/indus_decipher:indus_website
H-1877,S396,unknown,L-R,1,unknown,joyboseroy/indus_decipher:indus_website
H-2141,S397,unknown,L-R,1,unknown,joyboseroy/indus_decipher:indus_website
H-1772,S400,Goat:4,L-R,1,unknown,joyboseroy/indus_decipher:indus_website
H-2003,S401,Mult,L-R,1,unknown,joyboseroy/indus_decipher:indus_website
H-1920,S403,unknown,L-R,1,unknown,joyboseroy/indus_decipher:indus_website
H-2192,S405,unknown,L-R,1,unknown,joyboseroy/indus_decipher:indus_website
H-1895,S406,unknown,R-L,1,unknown,joyboseroy/indus_decipher:indus_website
H-2213,S407,unknown,L-R,1,unknown,joyboseroy/indus_decipher:indus_website
H-1942,S409,Bult,L-R,1,unknown,joyboseroy/indus_decipher:indus_website
H-1897,S410,unknown,L-R,1,unknown,joyboseroy/indus_decipher:indus_website
H-1865,S411,unknown,L-R,1,unknown,joyboseroy/indus_decipher:indus_website
H-1915,S414,unknown,L-R,1,unknown,joyboseroy/indus_decipher:indus_website
H-1832,S415,unknown,L-R,1,unknown,joyboseroy/indus_decipher:indus_website
H-2035,S416,Gavi,L-R,1,unknown,joyboseroy/indus_decipher:indus_website
H-1957,S417,Mult,L-R,1,unknown,joyboseroy/indus_decipher:indus_website
H-2140,S418,unknown,L-R,1,unknown,joyboseroy/indus_decipher:indus_website
H-1898,S419,unknown,L-R,1,unknown,joyboseroy/indus_decipher:indus_website
H-2174,S420,Fish,L-R,1,unknown,joyboseroy/indus_decipher:indus_website
H-1943,S422,Bult,L-R,1,unknown,joyboseroy/indus_decipher:indus_website
H-1997,S423,Mult,L-R,1,unknown,joyboseroy/indus_decipher:indus_website
H-1845,S424,unknown,L-R,1,unknown,joyboseroy/indus_decipher:indus_website
H-2125,S425,unknown,L-R,1,unknown,joyboseroy/indus_decipher:indus_website
H-1714,S426,unknown,L-R,1,unknown,joyboseroy/indus_decipher:indus_website
H-1854,S427,unknown,L-R,1,unknown,joyboseroy/indus_decipher:indus_website
H-1673,S430,Bull1:W,L-R,1,unknown,joyboseroy/indus_decipher:indus_website
H-1905,S433,unknown,R-L,1,unknown,joyboseroy/indus_decipher:indus_website
H-2570,S434,unknown,L-R,1,unknown,joyboseroy/indus_decipher:indus_website
H-1912,S437,unknown,R-L,1,unknown,joyboseroy/indus_decipher:indus_website
H-1967,S448,Mult,L-R,1,unknown,joyboseroy/indus_decipher:indus_website
H-1909,S453,unknown,L-R,1,unknown,joyboseroy/indus_decipher:indus_website
H-1778,S454,Gavi,L-R,1,unknown,joyboseroy/indus_decipher:indus_website
H-2076,S455,unknown,R-L,1,unknown,joyboseroy/indus_decipher:indus_website
H-1940,S458,Bult,R-L,1,unknown,joyboseroy/indus_decipher:indus_website
H-1991,S459,unknown,L-R,1,unknown,joyboseroy/indus_decipher:indus_website
H-1919,S461,unknown,L-R,1,unknown,joyboseroy/indus_decipher:indus_website
H-1827,S463,unknown,L-R,1,unknown,joyboseroy/indus_decipher:indus_website
H-585,S464,Zebu,L-R,1,unknown,joyboseroy/indus_decipher:indus_website
H-1882,S466,unknown,L-R,1,unknown,joyboseroy/indus_decipher:indus_website
H-1825,S467,unknown,R-L,1,unknown,joyboseroy/indus_decipher:indus_website
H-1876,S468,unknown,L-R,1,unknown,joyboseroy/indus_decipher:indus_website
H-2077,S469,unknown,R-L,1,unknown,joyboseroy/indus_decipher:indus_website
H-2215,S470,unknown,L-R,1,unknown,joyboseroy/indus_decipher:indus_website
H-2084,S472,unknown,L-R,1,unknown,joyboseroy/indus_decipher:indus_website
H-2094,S476,unknown,L-R,1,unknown,joyboseroy/indus_decipher:indus_website
H-1669,S479,Bull1:W,L-R,1,unknown,joyboseroy/indus_decipher:indus_website
H-1850,S480,unknown,L-R,1,unknown,joyboseroy/indus_decipher:indus_website
H-2148,S481,unknown,L-R,1,unknown,joyboseroy/indus_decipher:indus_website
H-2246,S484,Bult,L-R,1,unknown,joyboseroy/indus_decipher:indus_website
H-1953,S485,Zebu,L-R,1,unknown,joyboseroy/indus_decipher:indus_website
H-2097,S488,unknown,L-R,1,unknown,joyboseroy/indus_decipher:indus_website
H-2210,S489,Bult,L-R,1,unknown,joyboseroy/indus_decipher:indus_website
H-2184,S490,unknown,L-R,1,unknown,joyboseroy/indus_decipher:indus_website
H-2127,S491,unknown,L-R,1,unknown,joyboseroy/indus_decipher:indus_website
H-741,S494,unknown,L-R,1,unknown,joyboseroy/indus_decipher:indus_website
H-1836,S497,unknown,L-R,1,unknown,joyboseroy/indus_decipher:indus_website
H-1921,S498,unknown,L-R,1,unknown,joyboseroy/indus_decipher:indus_website
H-1862,S499,unknown,R-L,1,unknown,joyboseroy/indus_decipher:indus_website
H-2576,S501,unknown,L-R,1,unknown,joyboseroy/indus_decipher:indus_website
H-1664,S502,Bull1:W,L-R,1,unknown,joyboseroy/indus_decipher:indus_website
H-1932,S504,Gavi,L-R,1,unknown,joyboseroy/indus_decipher:indus_website
H-1867,S506,unknown,L-R,1,unknown,joyboseroy/indus_decipher:indus_website
H-1869,S508,unknown,L-R,1,unknown,joyboseroy/indus_decipher:indus_website
H-1868,S509,unknown,L-R,1,unknown,joyboseroy/indus_decipher:indus_website
H-1916,S510,unknown,L-R,1,unknown,joyboseroy/indus_decipher:indus_website
H-1671,S513,Bull1:S,L-R,1,unknown,joyboseroy/indus_decipher:indus_website
H-1908,S515,unknown,L-R,1,unknown,joyboseroy/indus_decipher:indus_website
H-1938,S516,Bult,L-R,1,unknown,joyboseroy/indus_decipher:indus_website
H-2095,S518,unknown,L-R,1,unknown,joyboseroy/indus_decipher:indus_website
H-2186,S519,unknown,L-R,1,unknown,joyboseroy/indus_decipher:indus_website
H-2034,S520,Goat,L-R,1,unknown,joyboseroy/indus_decipher:indus_website
H-1770,S526,Gaur,L-R,1,unknown,joyboseroy/indus_decipher:indus_website
H-1677,S530,Bull1,L-R,1,unknown,joyboseroy/indus_decipher:indus_website
H-2069,S532,unknown,L-R,1,unknown,joyboseroy/indus_decipher:indus_website
H-2175,S533,Fish,L-R,1,unknown,joyboseroy/indus_decipher:indus_website
H-2036,S534,Gavi,L-R,1,unknown,joyboseroy/indus_decipher:indus_website
H-1977,S535,Mult,L-R,1,unknown,joyboseroy/indus_decipher:indus_website
H-1692,S537,unknown,L-R,1,unknown,joyboseroy/indus_decipher:indus_website
H-2115,S544,unknown,L-R,1,unknown,joyboseroy/indus_decipher:indus_website
H-1931,S548,Gavi,L-R,1,unknown,joyboseroy/indus_decipher:indus_website
H-2208,S549,Fish,L-R,1,unknown,joyboseroy/indus_decipher:indus_website
H-1822,S550,unknown,L-R,1,unknown,joyboseroy/indus_decipher:indus_website
H-1767,S552,Zebu,L-R,1,unknown,joyboseroy/indus_decipher:indus_website
H-1906,S554,unknown,L-R,1,unknown,joyboseroy/indus_decipher:indus_website
H-1939,S556,Bult,L-R,1,unknown,joyboseroy/indus_decipher:indus_website
H-1855,S557,unknown,L-R,1,unknown,joyboseroy/indus_decipher:indus_website
H-1834,S559,unknown,L-R,1,unknown,joyboseroy/indus_decipher:indus_website
H-1873,S560,unknown,L-R,1,unknown,joyboseroy/indus_decipher:indus_website
H-1923,S567,unknown,L-R,1,unknown,joyboseroy/indus_decipher:indus_website
H-1922,S569,unknown,L-R,1,unknown,joyboseroy/indus_decipher:indus_website
H-1797,S570,Bult,R-L,1,unknown,joyboseroy/indus_decipher:indus_website
H-2055,S574,S590,L-R,1,unknown,joyboseroy/indus_decipher:indus_website
H-2197,S578,unknown,L-R,1,unknown,joyboseroy/indus_decipher:indus_website
H-1990,S581,unknown,L-R,1,unknown,joyboseroy/indus_decipher:indus_website
H-1954,S585,Bull,L-R,1,unknown,joyboseroy/indus_decipher:indus_website
H-2128,S589,unknown,L-R,1,unknown,joyboseroy/indus_decipher:indus_website
H-1999,S592,Mult,L-R,1,unknown,joyboseroy/indus_decipher:indus_website
H-1839,S593,unknown,L-R,1,unknown,joyboseroy/indus_decipher:indus_website
H-2022,S594,Phyt,L-R,1,unknown,joyboseroy/indus_decipher:indus_website
H-2139,S596,unknown,L-R,1,unknown,joyboseroy/indus_decipher:indus_website
H-2039,S597,Fish,L-R,1,unknown,joyboseroy/indus_decipher:indus_website
H-1859,S598,unknown,L-R,1,unknown,joyboseroy/indus_decipher:indus_website
H-1864,S599,unknown,L-R,1,unknown,joyboseroy/indus_decipher:indus_website
H-2021,S601,Phyt,L-R,1,unknown,joyboseroy/indus_decipher:indus_website
H-1732,S603,unknown,L-R,1,unknown,joyboseroy/indus_decipher:indus_website
H-1709,S622,unknown,L-R,1,unknown,joyboseroy/indus_decipher:indus_website
H-1706,S623,unknown,L-R,1,unknown,joyboseroy/indus_decipher:indus_website
H-1817,S624,unknown,L-R,1,unknown,joyboseroy/indus_decipher:indus_website
H-1745,S625,unknown,L-R,1,unknown,joyboseroy/indus_decipher:indus_website
H-1662,S626,Bull1:W,L-R,1,unknown,joyboseroy/indus_decipher:indus_website
H-1917,S627,unknown,L-R,1,unknown,joyboseroy/indus_decipher:indus_website
H-1899,S628,unknown,L-R,1,unknown,joyboseroy/indus_decipher:indus_website
H-2207,S630,Fish,L-R,1,unknown,joyboseroy/indus_decipher:indus_website
H-1842,S631,unknown,L-R,1,unknown,joyboseroy/indus_decipher:indus_website
H-2193,S632,unknown,L-R,1,unknown,joyboseroy/indus_decipher:indus_website
H-1680,S634,Bull1:W,L-R,1,unknown,joyboseroy/indus_decipher:indus_website
H-1814,S635,unknown,L-R,1,unknown,joyboseroy/indus_decipher:indus_website
H-1860,S637,unknown,L-R,1,unknown,joyboseroy/indus_decipher:indus_website
H-2209,S638,Fish,L-R,1,unknown,joyboseroy/indus_decipher:indus_website
H-2108,S640,unknown,L-R,1,unknown,joyboseroy/indus_decipher:indus_website
H-2198,S643,unknown,L-R,1,unknown,joyboseroy/indus_decipher:indus_website
H-1956,S644,Mult,L-R,1,unknown,joyboseroy/indus_decipher:indus_website
H-1824,S646,unknown,L-R,1,unknown,joyboseroy/indus_decipher:indus_website
H-2062,S647,unknown,L-R,1,unknown,joyboseroy/indus_decipher:indus_website
H-1823,S649,unknown,L-R,1,unknown,joyboseroy/indus_decipher:indus_website
H-1841,S652,unknown,L-R,1,unknown,joyboseroy/indus_decipher:indus_website
H-1813,S653,unknown,L-R,1,unknown,joyboseroy/indus_decipher:indus_website
H-1863,S654,unknown,R-L,1,unknown,joyboseroy/indus_decipher:indus_website
H-1946,S658,unknown,L-R,1,unknown,joyboseroy/indus_decipher:indus_website
H-2204,S659,Fish,L-R,1,unknown,joyboseroy/indus_decipher:indus_website
H-1951,S662,Mult,L-R,1,unknown,joyboseroy/indus_decipher:indus_website
H-1975,S664,Scene,L-R,1,unknown,joyboseroy/indus_decipher:indus_website
H-2096,S665,unknown,L-R,1,unknown,joyboseroy/indus_decipher:indus_website
H-2054,S666,S590,L-R,1,unknown,joyboseroy/indus_decipher:indus_website
H-1672,S668,Bull1:W,L-R,1,unknown,joyboseroy/indus_decipher:indus_website
H-1891,S670,unknown,L-R,1,unknown,joyboseroy/indus_decipher:indus_website
H-2066,S671,unknown,L-R,1,unknown,joyboseroy/indus_decipher:indus_website
H-2214,S672,unknown,L-R,1,unknown,joyboseroy/indus_decipher:indus_website
H-1903,S675,unknown,L-R,1,unknown,joyboseroy/indus_decipher:indus_website
H-2024,S677,Mult,L-R,1,unknown,joyboseroy/indus_decipher:indus_website
H-2217,S679,unknown,L-R,1,unknown,joyboseroy/indus_decipher:indus_website
H-2090,S681,unknown,L-R,1,unknown,joyboseroy/indus_decipher:indus_website
H-1146,S682,unknown,L-R,1,unknown,joyboseroy/indus_decipher:indus_website
H-1846,S686,unknown,L-R,1,unknown,joyboseroy/indus_decipher:indus_website
H-1989,S687,unknown,L-R,1,unknown,joyboseroy/indus_decipher:indus_website
H-1684,S688,Bull1,L-R,1,unknown,joyboseroy/indus_decipher:indus_website
H-1988,S689,unknown,L-R,1,unknown,joyboseroy/indus_decipher:indus_website
H-1982,S690,Tri4,L-R,1,unknown,joyboseroy/indus_decipher:indus_website
H-2238,S693,unknown,L-R,1,unknown,joyboseroy/indus_decipher:indus_website
H-2187,S694,unknown,L-R,1,unknown,joyboseroy/indus_decipher:indus_website
H-2272,S701,unknown,R-L,1,unknown,joyboseroy/indus_decipher:indus_website
H-2368,S702,unknown,L-R,1,unknown,joyboseroy/indus_decipher:indus_website
H-2267,S703,unknown,L-R,1,unknown,joyboseroy/indus_decipher:indus_website
H-1734,S715,unknown,L-R,1,unknown,joyboseroy/indus_decipher:indus_website
H-2010,S729,Bull1,L-R,1,unknown,joyboseroy/indus_decipher:indus_website
H-1670,S731,Bull1:J,L-R,1,unknown,joyboseroy/indus_decipher:indus_website
H-2131,S732,unknown,L-R,1,unknown,joyboseroy/indus_decipher:indus_website
H-1964,S737,Gavi,L-R,1,unknown,joyboseroy/indus_decipher:indus_website
H-1810,S742,unknown,L-R,1,unknown,joyboseroy/indus_decipher:indus_website
H-1907,S743,unknown,L-R,1,unknown,joyboseroy/indus_decipher:indus_website
H-1993,S744,unknown,L-R,1,unknown,joyboseroy/indus_decipher:indus_website
H-1980,S745,Phyt,L-R,1,unknown,joyboseroy/indus_decipher:indus_website
H-2200,S746,Fish,L-R,1,unknown,joyboseroy/indus_decipher:indus_website
H-2183,S749,unknown,L-R,1,unknown,joyboseroy/indus_decipher:indus_website
H-1872,S751,unknown,L-R,1,unknown,joyboseroy/indus_decipher:indus_website
H-2143,S752,unknown,L-R,1,unknown,joyboseroy/indus_decipher:indus_website
H-2201,S753,Fish,L-R,1,unknown,joyboseroy/indus_decipher:indus_website
H-1947,S755,unknown,L-R,1,unknown,joyboseroy/indus_decipher:indus_website
H-2040,S760,Fish,L-R,1,unknown,joyboseroy/indus_decipher:indus_website
H-1936,S765,Bult,R-L,1,unknown,joyboseroy/indus_decipher:indus_website
H-1545,S768,unknown,L-R,1,unknown,joyboseroy/indus_decipher:indus_website
H-2239,S769,unknown,L-R,1,unknown,joyboseroy/indus_decipher:indus_website
H-1930,S771,Gavi,L-R,1,unknown,joyboseroy/indus_decipher:indus_website
H-1831,S772,unknown,L-R,1,unknown,joyboseroy/indus_decipher:indus_website
H-1830,S773,unknown,L-R,1,unknown,joyboseroy/indus_decipher:indus_website
H-1861,S774,unknown,L-R,1,unknown,joyboseroy/indus_decipher:indus_website
H-1666,S775,Bull1:W,L-R,1,unknown,joyboseroy/indus_decipher:indus_website
H-1958,S776,Gavi,L-R,1,unknown,joyboseroy/indus_decipher:indus_website
H-1844,S780,unknown,L-R,1,unknown,joyboseroy/indus_decipher:indus_website
H-1871,S784,unknown,L-R,1,unknown,joyboseroy/indus_decipher:indus_website
H-2099,S786,unknown,L-R,1,unknown,joyboseroy/indus_decipher:indus_website
H-1983,S787,unknown,L-R,1,unknown,joyboseroy/indus_decipher:indus_website
H-1840,S788,Bird,L-R,1,unknown,joyboseroy/indus_decipher:indus_website
H-1785,S789,Phyt,L-R,1,unknown,joyboseroy/indus_decipher:indus_website
H-1961,S790,Gavi,L-R,1,unknown,joyboseroy/indus_decipher:indus_website
H-2237,S794,unknown,L-R,1,unknown,joyboseroy/indus_decipher:indus_website
H-2033,S797,Goat,L-R,1,unknown,joyboseroy/indus_decipher:indus_website
H-1935,S800,Mult,L-R,1,unknown,joyboseroy/indus_decipher:indus_website
H-2173,S801,unknown,L-R,1,unknown,joyboseroy/indus_decipher:indus_website
H-1788,S805,unknown,L-R,1,unknown,joyboseroy/indus_decipher:indus_website
H-2189,S806,unknown,L-R,1,unknown,joyboseroy/indus_decipher:indus_website
H-1934,S807,Mult,L-R,1,unknown,joyboseroy/indus_decipher:indus_website
H-1682,S810,Bull1,L-R,1,unknown,joyboseroy/indus_decipher:indus_website
H-1978,S811,Phyt,L-R,1,unknown,joyboseroy/indus_decipher:indus_website
H-2155,S812,unknown,L-R,1,unknown,joyboseroy/indus_decipher:indus_website
H-2154,S815,unknown,L-R,1,unknown,joyboseroy/indus_decipher:indus_website
H-2240,S816,Bult,L-R,1,unknown,joyboseroy/indus_decipher:indus_website
H-2130,S823,unknown,L-R,1,unknown,joyboseroy/indus_decipher:indus_website
H-1775,S824,unknown,L-R,1,unknown,joyboseroy/indus_decipher:indus_website
H-1691,S825,unknown,R-L,1,unknown,joyboseroy/indus_decipher:indus_website
H-2211,S829,Bult,L-R,1,unknown,joyboseroy/indus_decipher:indus_website
H-2104,S830,unknown,R-L,1,unknown,joyboseroy/indus_decipher:indus_website
H-1880,S831,unknown,L-R,1,unknown,joyboseroy/indus_decipher:indus_website
H-2229,S832,unknown,L-R,1,unknown,joyboseroy/indus_decipher:indus_website
H-2185,S834,unknown,L-R,1,unknown,joyboseroy/indus_decipher:indus_website
H-2190,S838,unknown,L-R,1,unknown,joyboseroy/indus_decipher:indus_website
H-2123,S840,unknown,R-L,1,unknown,joyboseroy/indus_decipher:indus_website
H-2146,S841,unknown,L-R,1,unknown,joyboseroy/indus_decipher:indus_website
H-2026,S842,Mult,L-R,1,unknown,joyboseroy/indus_decipher:indus_website
H-2109,S843,unknown,L-R,1,unknown,joyboseroy/indus_decipher:indus_website
H-2221,S844,unknown,L-R,1,unknown,joyboseroy/indus_decipher:indus_website
H-2222,S845,unknown,L-R,1,unknown,joyboseroy/indus_decipher:indus_website
H-2223,S846,unknown,L-R,1,unknown,joyboseroy/indus_decipher:indus_website
H-2236,S847,unknown,L-R,1,unknown,joyboseroy/indus_decipher:indus_website
H-2149,S848,unknown,L-R,1,unknown,joyboseroy/indus_decipher:indus_website
H-2230,S850,unknown,L-R,1,unknown,joyboseroy/indus_decipher:indus_website
H-2220,S851,unknown,L-R,1,unknown,joyboseroy/indus_decipher:indus_website
H-2226,S852,unknown,L-R,1,unknown,joyboseroy/indus_decipher:indus_website
H-2227,S853,unknown,L-R,1,unknown,joyboseroy/indus_decipher:indus_website
H-2225,S854,unknown,L-R,1,unknown,joyboseroy/indus_decipher:indus_website
H-2228,S855,unknown,L-R,1,unknown,joyboseroy/indus_decipher:indus_website
H-2219,S856,unknown,L-R,1,unknown,joyboseroy/indus_decipher:indus_website
H-2224,S857,unknown,L-R,1,unknown,joyboseroy/indus_decipher:indus_website
H-2218,S858,unknown,L-R,1,unknown,joyboseroy/indus_decipher:indus_website
H-2231,S859,unknown,L-R,1,unknown,joyboseroy/indus_decipher:indus_website
H-2232,S860,unknown,L-R,1,unknown,joyboseroy/indus_decipher:indus_website
H-2234,S861,unknown,L-R,1,unknown,joyboseroy/indus_decipher:indus_website
H-2070,S862,unknown,L-R,1,unknown,joyboseroy/indus_decipher:indus_website
H-1896,S863,unknown,L-R,1,unknown,joyboseroy/indus_decipher:indus_website
H-1812,S867,unknown,L-R,1,unknown,joyboseroy/indus_decipher:indus_website
H-1995,S869,unknown,L-R,1,unknown,joyboseroy/indus_decipher:indus_website
H-2235,S870,unknown,L-R,1,unknown,joyboseroy/indus_decipher:indus_website
H-2206,S871,Fish,L-R,1,unknown,joyboseroy/indus_decipher:indus_website
H-1879,S876,unknown,L-R,1,unknown,joyboseroy/indus_decipher:indus_website
H-2233,S878,unknown,L-R,1,unknown,joyboseroy/indus_decipher:indus_website
H-2028,S880,Mult,L-R,1,unknown,joyboseroy/indus_decipher:indus_website
H-2029,S882,Mult,L-R,1,unknown,joyboseroy/indus_decipher:indus_website
H-2027,S884,Mult,L-R,1,unknown,joyboseroy/indus_decipher:indus_website
H-1711,S885,unknown,L-R,1,unknown,joyboseroy/indus_decipher:indus_website
H-2030,S886,Mult,L-R,1,unknown,joyboseroy/indus_decipher:indus_website
H-1829,S890,unknown,L-R,1,unknown,joyboseroy/indus_decipher:indus_website
H-2119,S892,unknown,L-R,1,unknown,joyboseroy/indus_decipher:indus_website
H-2135,S894,unknown,L-R,1,unknown,joyboseroy/indus_decipher:indus_website
H-1828,S895,unknown,L-R,1,unknown,joyboseroy/indus_decipher:indus_website
H-2089,S897,unknown,L-R,1,unknown,joyboseroy/indus_decipher:indus_website
H-1870,S901,unknown,L-R,1,unknown,joyboseroy/indus_decipher:indus_website
H-2020,S902,Gavi,L-R,1,unknown,joyboseroy/indus_decipher:indus_website
H-2019,S904,Gavi,L-R,1,unknown,joyboseroy/indus_decipher:indus_website
H-2136,S905,unknown,L-R,1,unknown,joyboseroy/indus_decipher:indus_website
H-1959,S907,unknown,L-R,1,unknown,joyboseroy/indus_decipher:indus_website
H-1992,S913,Bull1,L-R,1,unknown,joyboseroy/indus_decipher:indus_website
H-1811,S916,unknown,L-R,1,unknown,joyboseroy/indus_decipher:indus_website
H-1933,S917,Gavi,L-R,1,unknown,joyboseroy/indus_decipher:indus_website
H-1678,S920,Bull1:W,L-R,1,unknown,joyboseroy/indus_decipher:indus_website
H-1929,S921,Bull2,L-R,1,unknown,joyboseroy/indus_decipher:indus_website
H-1902,S922,unknown,L-R,1,unknown,joyboseroy/indus_decipher:indus_website
H-1945,S923,Fish,L-R,1,unknown,joyboseroy/indus_decipher:indus_website
H-1941,S927,Bult,L-R,1,unknown,joyboseroy/indus_decipher:indus_website
H-1679,S929,Bull1:W,L-R,1,unknown,joyboseroy/indus_decipher:indus_website
H-1883,S930,unknown,L-R,1,unknown,joyboseroy/indus_decipher:indus_website
H-1710,S932,unknown,L-R,1,unknown,joyboseroy/indus_decipher:indus_website
H-2011,S937,Bull1,L-R,1,unknown,joyboseroy/indus_decipher:indus_website
H-1937,S938,Bult,L-R,1,unknown,joyboseroy/indus_decipher:indus_website
H-1705,S939,unknown,L-R,1,unknown,joyboseroy/indus_decipher:indus_website
H-1667,S943,Bull1:W,L-R,1,unknown,joyboseroy/indus_decipher:indus_website
H-2142,S945,unknown,R-L,1,unknown,joyboseroy/indus_decipher:indus_website
H-1966,S1004,Gaur,L-R,1,unknown,joyboseroy/indus_decipher:indus_website
H-1726,S1007,unknown,L-R,1,unknown,joyboseroy/indus_decipher:indus_website
H-1713,S1011,unknown,L-R,1,unknown,joyboseroy/indus_decipher:indus_website
H-1737,S1017,unknown,L-R,1,unknown,joyboseroy/indus_decipher:indus_website
H-2102,S1018,unknown,L-R,1,unknown,joyboseroy/indus_decipher:indus_website
H-1657,S1020,Bull1:W,L-R,1,unknown,joyboseroy/indus_decipher:indus_website
H-1774,S1021,Scene,L-R,1,unknown,joyboseroy/indus_decipher:indus_website
H-1793,S1023,unknown,L-R,1,unknown,joyboseroy/indus_decipher:indus_website
H-1851,S1024,unknown,L-R,1,unknown,joyboseroy/indus_decipher:indus_website
H-1736,S1032,unknown,L-R,1,unknown,joyboseroy/indus_decipher:indus_website
H-1979,S1034,Phyt,L-R,1,unknown,joyboseroy/indus_decipher:indus_website
H-1325,S1054,unknown,L-R,1,unknown,joyboseroy/indus_decipher:indus_website
H-733,S1057,unknown,L-R,1,unknown,joyboseroy/indus_decipher:indus_website
H-1308,S1058,unknown,R-L,1,unknown,joyboseroy/indus_decipher:indus_website
H-1050,S1060,Bull1:W,L-R,1,unknown,joyboseroy/indus_decipher:indus_website
H-1294,S1061,unknown,L-R,1,unknown,joyboseroy/indus_decipher:indus_website
H-1,S1062,Bull1:W,L-R,1,unknown,joyboseroy/indus_decipher:indus_website
H-2,S1063,Bull1:W,L-R,1,unknown,joyboseroy/indus_decipher:indus_website
H-3,S1064,Bull1:W,L-R,1,unknown,joyboseroy/indus_decipher:indus_website
H-4,S1065,Bull1:W,L-R,1,unknown,joyboseroy/indus_decipher:indus_website
H-5,S1066,Bull1:W,L-R,1,unknown,joyboseroy/indus_decipher:indus_website
H-6,S1067,Bull1:W,L-R,1,unknown,joyboseroy/indus_decipher:indus_website
H-7,S1068,Bull1:W,L-R,1,unknown,joyboseroy/indus_decipher:indus_website
H-8,S1069,Bull1:W,L-R,1,unknown,joyboseroy/indus_decipher:indus_website
H-9,S1070,Bull1:W,L-R,1,unknown,joyboseroy/indus_decipher:indus_website
H-10,S1071,Bull1:W,L-R,1,unknown,joyboseroy/indus_decipher:indus_website
H-12,S1073,Bull1:W,L-R,1,unknown,joyboseroy/indus_decipher:indus_website
H-13,S1074,Bull1:W,L-R,1,unknown,joyboseroy/indus_decipher:indus_website
H-14,S1075,Bull1:W,L-R,1,unknown,joyboseroy/indus_decipher:indus_website
H-17,S1077,Bull1:W,L-R,1,unknown,joyboseroy/indus_decipher:indus_website
H-20,S1080,Bull1:W,L-R,1,unknown,joyboseroy/indus_decipher:indus_website
H-21,S1081,Bull1:W,L-R,1,unknown,joyboseroy/indus_decipher:indus_website
H-22,S1082,Bull1:W,L-R,1,unknown,joyboseroy/indus_decipher:indus_website
H-24,S1084,Bull1:W,L-R,1,unknown,joyboseroy/indus_decipher:indus_website
H-25,S1085,Bull1:W,L-R,1,unknown,joyboseroy/indus_decipher:indus_website
H-26,S1086,Bull1:W,L-R,1,unknown,joyboseroy/indus_decipher:indus_website
H-27,S1087,Bull1:W,L-R,1,unknown,joyboseroy/indus_decipher:indus_website
H-29,S1089,Bull1:W,L-R,1,unknown,joyboseroy/indus_decipher:indus_website
H-32,S1092,Bull1:W,L-R,1,unknown,joyboseroy/indus_decipher:indus_website
H-36,S1095,Bull1:S,L-R,1,unknown,joyboseroy/indus_decipher:indus_website
H-37,S1096,Bull1:S,L-R,1,unknown,joyboseroy/indus_decipher:indus_website
H-38,S1097,Bull1:W,L-R,1,unknown,joyboseroy/indus_decipher:indus_website
H-39,S1098,Bull1:W,L-R,1,unknown,joyboseroy/indus_decipher:indus_website
H-40,S1099,Bull1:W,L-R,1,unknown,joyboseroy/indus_decipher:indus_website
H-42,S1101,Bull1:J,L-R,1,unknown,joyboseroy/indus_decipher:indus_website
H-43,S1102,Bull1:W,L-R,1,unknown,joyboseroy/indus_decipher:indus_website
H-44,S1103,Bull1:W,L-R,1,unknown,joyboseroy/indus_decipher:indus_website
H-45,S1104,Bull1:W,L-R,1,unknown,joyboseroy/indus_decipher:indus_website
H-46,S1105,Bull1:W,L-R,1,unknown,joyboseroy/indus_decipher:indus_website
H-47,S1106,Bull1:W,L-R,1,unknown,joyboseroy/indus_decipher:indus_website
H-48,S1107,Bull1:W,L-R,1,unknown,joyboseroy/indus_decipher:indus_website
H-49,S1108,Bull1:S,L-R,1,unknown,joyboseroy/indus_decipher:indus_website
H-50,S1109,Bull1:W,L-R,1,unknown,joyboseroy/indus_decipher:indus_website
H-51,S1110,Bull1:W,L-R,1,unknown,joyboseroy/indus_decipher:indus_website
H-53,S1112,Bull1:I,L-R,1,unknown,joyboseroy/indus_decipher:indus_website
H-54,S1113,Bull1:S,L-R,1,unknown,joyboseroy/indus_decipher:indus_website
H-55,S1114,Bull1:X,L-R,1,unknown,joyboseroy/indus_decipher:indus_website
H-56,S1115,Bull1:I,L-R,1,unknown,joyboseroy/indus_decipher:indus_website
H-57,S1116,Bull1:W,L-R,1,unknown,joyboseroy/indus_decipher:indus_website
H-58,S1117,Bull1:W,L-R,1,unknown,joyboseroy/indus_decipher:indus_website
H-59,S1118,Bull1,L-R,1,unknown,joyboseroy/indus_decipher:indus_website
H-60,S1119,Bull1:II,L-R,1,unknown,joyboseroy/indus_decipher:indus_website
H-61,S1120,Bull1:II,L-R,1,unknown,joyboseroy/indus_decipher:indus_website
H-62,S1121,Bull1:W,L-R,1,unknown,joyboseroy/indus_decipher:indus_website
H-63,S1122,Bull1:W,L-R,1,unknown,joyboseroy/indus_decipher:indus_website
H-64,S1123,Bull1:W,L-R,1,unknown,joyboseroy/indus_decipher:indus_website
H-65,S1124,Bull1:U,L-R,1,unknown,joyboseroy/indus_decipher:indus_website
H-66,S1125,Bull1:W,L-R,1,unknown,joyboseroy/indus_decipher:indus_website
H-67,S1126,Bull1:II,L-R,1,unknown,joyboseroy/indus_decipher:indus_website
H-68,S1127,Bull1:I,L-R,1,unknown,joyboseroy/indus_decipher:indus_website
H-69,S1128,Bull1:I,L-R,1,unknown,joyboseroy/indus_decipher:indus_website
H-70,S1129,Bull1:I,L-R,1,unknown,joyboseroy/indus_decipher:indus_website
H-71,S1130,Bull1:I,L-R,1,unknown,joyboseroy/indus_decipher:indus_website
H-72,S1131,Bull1:W,L-R,1,unknown,joyboseroy/indus_decipher:indus_website
H-74,S1132,Bull1:J,L-R,1,unknown,joyboseroy/indus_decipher:indus_website
H-75,S1133,Bull1:I,L-R,1,unknown,joyboseroy/indus_decipher:indus_website
H-76,S1134,Gaur,L-R,1,unknown,joyboseroy/indus_decipher:indus_website
H-79,S1136,Gaur,L-R,1,unknown,joyboseroy/indus_decipher:indus_website
H-80,S1137,Gaur,L-R,1,unknown,joyboseroy/indus_decipher:indus_website
H-81,S1138,Gaur,L-R,1,unknown,joyboseroy/indus_decipher:indus_website
H-82,S1139,Gaur,L-R,1,unknown,joyboseroy/indus_decipher:indus_website
H-85,S1141,Zebu,L-R,1,unknown,joyboseroy/indus_decipher:indus_website
H-86,S1142,Zebu,L-R,1,unknown,joyboseroy/indus_decipher:indus_website
H-87,S1143,Buff,L-R,1,unknown,joyboseroy/indus_decipher:indus_website
H-88,S1144,Rhin,L-R,1,unknown,joyboseroy/indus_decipher:indus_website
H-89,S1145,Elep,L-R,1,unknown,joyboseroy/indus_decipher:indus_website
H-90,S1146,Elep,L-R,1,unknown,joyboseroy/indus_decipher:indus_website
H-91,S1147,Elep,L-R,1,unknown,joyboseroy/indus_decipher:indus_website
H-92,S1148,Elep,L-R,1,unknown,joyboseroy/indus_decipher:indus_website
H-93,S1149,Elep,L-R,1,unknown,joyboseroy/indus_decipher:indus_website
H-96,S1151,CompBull,L-R,1,unknown,joyboseroy/indus_decipher:indus_website
H-98,S1153,unknown,L-R,1,unknown,joyboseroy/indus_decipher:indus_website
H-99,S1154,Othr,R-L,1,unknown,joyboseroy/indus_decipher:indus_website
H-1005,S1158,unknown,L-R,1,unknown,joyboseroy/indus_decipher:indus_website
H-101,S1161,unknown,R-L,1,unknown,joyboseroy/indus_decipher:indus_website
H-1014,S1164,unknown,L-R,1,unknown,joyboseroy/indus_decipher:indus_website
H-1017,S1166,Bult,L-R,1,unknown,joyboseroy/indus_decipher:indus_website
H-102,S1168,Bull1:W,L-R,1,unknown,joyboseroy/indus_decipher:indus_website
H-103,S1169,unknown,L-R,1,unknown,joyboseroy/indus_decipher:indus_website
H-129,S1170,unknown,L-R,1,unknown,joyboseroy/indus_decipher:indus_website
H-130,S1171,unknown,L-R,1,unknown,joyboseroy/indus_decipher:indus_website
H-132,S1173,unknown,L-R,1,unknown,joyboseroy/indus_decipher:indus_website
H-133,S1174,unknown,L-R,1,unknown,joyboseroy/indus_decipher:indus_website
H-134,S1175,unknown,L-R,1,unknown,joyboseroy/indus_decipher:indus_website
H-135,S1176,unknown,L-R,1,unknown,joyboseroy/indus_decipher:indus_website
H-137,S1178,unknown,L-R,1,unknown,joyboseroy/indus_decipher:indus_website
H-138,S1179,unknown,L-R,1,unknown,joyboseroy/indus_decipher:indus_website
H-139,S1180,unknown,L-R,1,unknown,joyboseroy/indus_decipher:indus_website
H-140,S1181,unknown,L-R,1,unknown,joyboseroy/indus_decipher:indus_website
H-141,S1182,unknown,L-R,1,unknown,joyboseroy/indus_decipher:indus_website
H-142,S1183,unknown,L-R,1,unknown,joyboseroy/indus_decipher:indus_website
H-143,S1184,unknown,L-R,1,unknown,joyboseroy/indus_decipher:indus_website
H-144,S1185,unknown,L-R,1,unknown,joyboseroy/indus_decipher:indus_website
H-146,S1187,unknown,L-R,1,unknown,joyboseroy/indus_decipher:indus_website
H-147,S1188,unknown,L-R,1,unknown,joyboseroy/indus_decipher:indus_website
H-148,S1189,unknown,L-R,1,unknown,joyboseroy/indus_decipher:indus_website
H-149,S1190,unknown,L-R,1,unknown,joyboseroy/indus_decipher:indus_website
H-150,S1191,unknown,L-R,1,unknown,joyboseroy/indus_decipher:indus_website
H-151,S1192,unknown,L-R,1,unknown,joyboseroy/indus_decipher:indus_website
H-152,S1193,unknown,L-R,1,unknown,joyboseroy/indus_decipher:indus_website
H-153,S1194,unknown,L-R,1,unknown,joyboseroy/indus_decipher:indus_website
H-154,S1195,unknown,L-R,1,unknown,joyboseroy/indus_decipher:indus_website
H-155,S1196,unknown,L-R,1,unknown,joyboseroy/indus_decipher:indus_website
H-156,S1197,unknown,L-R,1,unknown,joyboseroy/indus_decipher:indus_website
H-157,S1198,unknown,L-R,1,unknown,joyboseroy/indus_decipher:indus_website
H-158,S1199,unknown,L-R,1,unknown,joyboseroy/indus_decipher:indus_website
H-160,S1201,unknown,L-R,1,unknown,joyboseroy/indus_decipher:indus_website
H-164,S1204,unknown,L-R,1,unknown,joyboseroy/indus_decipher:indus_website
H-171,S1206,Bull,L-R,1,unknown,joyboseroy/indus_decipher:indus_website
H-172,S1207,Gavi,L-R,1,unknown,joyboseroy/indus_decipher:indus_website
H-174,S1208,Gavi,L-R,1,unknown,joyboseroy/indus_decipher:indus_website
H-175,S1209,Anth,L-R,1,unknown,joyboseroy/indus_decipher:indus_website
H-176,S1210,Scene,L-R,1,unknown,joyboseroy/indus_decipher:indus_website
H-177,S1211,Scene,L-R,1,unknown,joyboseroy/indus_decipher:indus_website
H-178,S1212,Anth,L-R,1,unknown,joyboseroy/indus_decipher:indus_website
H-179,S1213,Scene,L-R,1,unknown,joyboseroy/indus_decipher:indus_website
H-180,S1214,Scene,L-R,1,unknown,joyboseroy/indus_decipher:indus_website
H-182,S1215,Scene,L-R,1,unknown,joyboseroy/indus_decipher:indus_website
H-183,S1216,Phyt,L-R,1,unknown,joyboseroy/indus_decipher:indus_website
H-184,S1217,Phyt,L-R,1,unknown,joyboseroy/indus_decipher:indus_website
H-185,S1218,unknown,L-R,1,unknown,joyboseroy/indus_decipher:indus_website
H-186,S1219,Phyt,L-R,1,unknown,joyboseroy/indus_decipher:indus_website
H-187,S1220,Phyt,L-R,1,unknown,joyboseroy/indus_decipher:indus_website
H-188,S1221,Phyt,L-R,1,unknown,joyboseroy/indus_decipher:indus_website
H-189,S1222,Othr,L-R,1,unknown,joyboseroy/indus_decipher:indus_website
H-190,S1223,Phyt,L-R,1,unknown,joyboseroy/indus_decipher:indus_website
H-191,S1224,Phyt,L-R,1,unknown,joyboseroy/indus_decipher:indus_website
H-194,S1226,Phyt,L-R,1,unknown,joyboseroy/indus_decipher:indus_website
H-197,S1228,unknown,L-R,1,unknown,joyboseroy/indus_decipher:indus_website
H-198,S1229,unknown,L-R,1,unknown,joyboseroy/indus_decipher:indus_website
H-203,S1234,unknown,L-R,1,unknown,joyboseroy/indus_decipher:indus_website
H-204,S1235,unknown,L-R,1,unknown,joyboseroy/indus_decipher:indus_website
H-205,S1236,unknown,L-R,1,unknown,joyboseroy/indus_decipher:indus_website
H-206,S1237,unknown,L-R,1,unknown,joyboseroy/indus_decipher:indus_website
H-208,S1239,unknown,L-R,1,unknown,joyboseroy/indus_decipher:indus_website
H-209,S1240,unknown,L-R,1,unknown,joyboseroy/indus_decipher:indus_website
H-211,S1242,unknown,L-R,1,unknown,joyboseroy/indus_decipher:indus_website
H-212,S1243,unknown,L-R,1,unknown,joyboseroy/indus_decipher:indus_website
H-213,S1244,unknown,L-R,1,unknown,joyboseroy/indus_decipher:indus_website
H-214,S1245,unknown,R-L,1,unknown,joyboseroy/indus_decipher:indus_website
H-215,S1246,unknown,L-R,1,unknown,joyboseroy/indus_decipher:indus_website
H-216,S1247,unknown,R-L,1,unknown,joyboseroy/indus_decipher:indus_website
H-217,S1248,unknown,L-R,1,unknown,joyboseroy/indus_decipher:indus_website
H-218,S1249,unknown,L-R,1,unknown,joyboseroy/indus_decipher:indus_website
H-219,S1250,unknown,L-R,1,unknown,joyboseroy/indus_decipher:indus_website
H-226,S1253,Mult,L-R,1,unknown,joyboseroy/indus_decipher:indus_website
H-227,S1254,unknown,L-R,1,unknown,joyboseroy/indus_decipher:indus_website
H-228,S1255,Mult,L-R,1,unknown,joyboseroy/indus_decipher:indus_website
H-229,S1256,unknown,L-R,1,unknown,joyboseroy/indus_decipher:indus_website
H-230,S1257,Phyt,L-R,1,unknown,joyboseroy/indus_decipher:indus_website
H-231,S1258,unknown,L-R,1,unknown,joyboseroy/indus_decipher:indus_website
H-232,S1259,unknown,L-R,1,unknown,joyboseroy/indus_decipher:indus_website
H-233,S1260,unknown,L-R,1,unknown,joyboseroy/indus_decipher:indus_website
H-236,S1262,unknown,L-R,1,unknown,joyboseroy/indus_decipher:indus_website
H-237,S1263,unknown,R-L,1,unknown,joyboseroy/indus_decipher:indus_website
H-239,S1264,unknown,L-R,1,unknown,joyboseroy/indus_decipher:indus_website
H-240,S1265,unknown,L-R,1,unknown,joyboseroy/indus_decipher:indus_website
H-241,S1266,Turt,L-R,1,unknown,joyboseroy/indus_decipher:indus_website
H-243,S1268,Pipal,L-R,1,unknown,joyboseroy/indus_decipher:indus_website
H-245,S1270,unknown,L-R,1,unknown,joyboseroy/indus_decipher:indus_website
H-246,S1271,unknown,L-R,1,unknown,joyboseroy/indus_decipher:indus_website
H-247,S1272,unknown,L-R,1,unknown,joyboseroy/indus_decipher:indus_website
H-248,S1273,unknown,L-R,1,unknown,joyboseroy/indus_decipher:indus_website
H-249,S1274,unknown,L-R,1,unknown,joyboseroy/indus_decipher:indus_website
H-251,S1276,Gaur,L-R,1,unknown,joyboseroy/indus_decipher:indus_website
H-252,S1277,Bull1:I,L-R,1,unknown,joyboseroy/indus_decipher:indus_website
H-253,S1278,Bull1:I,L-R,1,unknown,joyboseroy/indus_decipher:indus_website
H-254,S1279,Bull1:I,L-R,1,unknown,joyboseroy/indus_decipher:indus_website
H-255,S1280,Bull1:I,L-R,1,unknown,joyboseroy/indus_decipher:indus_website
H-256,S1281,Bull1:I,L-R,1,unknown,joyboseroy/indus_decipher:indus_website
H-257,S1282,Bull1:I,L-R,1,unknown,joyboseroy/indus_decipher:indus_website
H-258,S1283,Bull1:I,L-R,1,unknown,joyboseroy/indus_decipher:indus_website
H-259,S1284,Bull1:I,L-R,1,unknown,joyboseroy/indus_decipher:indus_website
H-260,S1285,Bull1,L-R,1,unknown,joyboseroy/indus_decipher:indus_website
H-261,S1286,Bull1:I,L-R,1,unknown,joyboseroy/indus_decipher:indus_website
H-262,S1287,Bull1:I,L-R,1,unknown,joyboseroy/indus_decipher:indus_website
H-263,S1288,Bull1:I,L-R,1,unknown,joyboseroy/indus_decipher:indus_website
H-264,S1289,Bull1:I,L-R,1,unknown,joyboseroy/indus_decipher:indus_website
H-265,S1290,Bull1,L-R,1,unknown,joyboseroy/indus_decipher:indus_website
H-268,S1293,Bull1:W,L-R,1,unknown,joyboseroy/indus_decipher:indus_website
H-270,S1294,Bull1:W,L-R,1,unknown,joyboseroy/indus_decipher:indus_website
H-271,S1295,Bull1,L-R,1,unknown,joyboseroy/indus_decipher:indus_website
H-272,S1296,Bull1,L-R,1,unknown,joyboseroy/indus_decipher:indus_website
H-276,S1298,Bull1:I,L-R,1,unknown,joyboseroy/indus_decipher:indus_website
H-277,S1299,Bull1,L-R,1,unknown,joyboseroy/indus_decipher:indus_website
H-278,S1300,Gavi,L-R,1,unknown,joyboseroy/indus_decipher:indus_website
H-279,S1301,Gavi,L-R,1,unknown,joyboseroy/indus_decipher:indus_website
H-280,S1302,Gavi,L-R,1,unknown,joyboseroy/indus_decipher:indus_website
H-281,S1303,Gavi,L-R,1,unknown,joyboseroy/indus_decipher:indus_website
H-282,S1304,Gavi,L-R,1,unknown,joyboseroy/indus_decipher:indus_website
H-283,S1305,Gavi,L-R,1,unknown,joyboseroy/indus_decipher:indus_website
H-284,S1306,Gavi,L-R,1,unknown,joyboseroy/indus_decipher:indus_website
H-286,S1308,Goat:2,L-R,1,unknown,joyboseroy/indus_decipher:indus_website
H-287,S1309,Gavi,R-L,1,unknown,joyboseroy/indus_decipher:indus_website
H-288,S1310,Fish,L-R,1,unknown,joyboseroy/indus_decipher:indus_website
H-289,S1311,Pipal,R-L,1,unknown,joyboseroy/indus_decipher:indus_website
H-290,S1312,Pipal,R-L,1,unknown,joyboseroy/indus_decipher:indus_website
H-292,S1314,unknown,L-R,1,unknown,joyboseroy/indus_decipher:indus_website
H-293,S1315,unknown,L-R,1,unknown,joyboseroy/indus_decipher:indus_website
H-295,S1317,Bult,L-R,1,unknown,joyboseroy/indus_decipher:indus_website
H-296,S1318,unknown,L-R,1,unknown,joyboseroy/indus_decipher:indus_website
H-297,S1319,unknown,L-R,1,unknown,joyboseroy/indus_decipher:indus_website
H-298,S1320,unknown,L-R,1,unknown,joyboseroy/indus_decipher:indus_website
H-299,S1321,unknown,R-L,1,unknown,joyboseroy/indus_decipher:indus_website
H-300,S1322,unknown,L-R,1,unknown,joyboseroy/indus_decipher:indus_website
H-301,S1323,unknown,L-R,1,unknown,joyboseroy/indus_decipher:indus_website
H-302,S1324,unknown,L-R,1,unknown,joyboseroy/indus_decipher:indus_website
H-303,S1325,unknown,L-R,1,unknown,joyboseroy/indus_decipher:indus_website
H-304,S1326,unknown,L-R,1,unknown,joyboseroy/indus_decipher:indus_website
H-305,S1327,unknown,R-L,1,unknown,joyboseroy/indus_decipher:indus_website
H-306,S1328,unknown,L-R,1,unknown,joyboseroy/indus_decipher:indus_website
H-307,S1329,unknown,L-R,1,unknown,joyboseroy/indus_decipher:indus_website
H-308,S1330,unknown,L-R,1,unknown,joyboseroy/indus_decipher:indus_website
H-309,S1331,unknown,L-R,1,unknown,joyboseroy/indus_decipher:indus_website
H-310,S1332,unknown,L-R,1,unknown,joyboseroy/indus_decipher:indus_website
H-311,S1333,unknown,L-R,1,unknown,joyboseroy/indus_decipher:indus_website
H-312,S1334,unknown,L-R,1,unknown,joyboseroy/indus_decipher:indus_website
H-313,S1335,unknown,L-R,1,unknown,joyboseroy/indus_decipher:indus_website
H-314,S1336,unknown,L-R,1,unknown,joyboseroy/indus_decipher:indus_website
H-315,S1337,unknown,L-R,1,unknown,joyboseroy/indus_decipher:indus_website
H-316,S1338,unknown,L-R,1,unknown,joyboseroy/indus_decipher:indus_website
H-317,S1339,unknown,L-R,1,unknown,joyboseroy/indus_decipher:indus_website
H-319,S1341,unknown,L-R,1,unknown,joyboseroy/indus_decipher:indus_website
H-320,S1342,unknown,L-R,1,unknown,joyboseroy/indus_decipher:indus_website
H-321,S1343,unknown,L-R,1,unknown,joyboseroy/indus_decipher:indus_website
H-322,S1344,unknown,L-R,1,unknown,joyboseroy/indus_decipher:indus_website
H-323,S1345,unknown,L-R,1,unknown,joyboseroy/indus_decipher:indus_website
H-324,S1346,unknown,L-R,1,unknown,joyboseroy/indus_decipher:indus_website
H-326,S1348,unknown,L-R,1,unknown,joyboseroy/indus_decipher:indus_website
H-327,S1349,unknown,L-R,1,unknown,joyboseroy/indus_decipher:indus_website
H-328,S1350,unknown,L-R,1,unknown,joyboseroy/indus_decipher:indus_website
H-329,S1351,unknown,L-R,1,unknown,joyboseroy/indus_decipher:indus_website
H-331,S1353,unknown,L-R,1,unknown,joyboseroy/indus_decipher:indus_website
H-334,S1355,unknown,L-R,1,unknown,joyboseroy/indus_decipher:indus_website
H-335,S1356,unknown,L-R,1,unknown,joyboseroy/indus_decipher:indus_website
H-340,S1361,unknown,L-R,1,unknown,joyboseroy/indus_decipher:indus_website
H-341,S1362,unknown,L-R,1,unknown,joyboseroy/indus_decipher:indus_website
H-343,S1363,unknown,L-R,1,unknown,joyboseroy/indus_decipher:indus_website
H-344,S1364,unknown,L-R,1,unknown,joyboseroy/indus_decipher:indus_website
H-345,S1365,unknown,L-R,1,unknown,joyboseroy/indus_decipher:indus_website
H-346,S1366,unknown,L-R,1,unknown,joyboseroy/indus_decipher:indus_website
H-347,S1367,unknown,L-R,1,unknown,joyboseroy/indus_decipher:indus_website
H-350,S1369,Fish,L-R,1,unknown,joyboseroy/indus_decipher:indus_website
H-351,S1370,unknown,L-R,1,unknown,joyboseroy/indus_decipher:indus_website
H-352,S1371,Bult,L-R,1,unknown,joyboseroy/indus_decipher:indus_website
H-353,S1372,Bult,L-R,1,unknown,joyboseroy/indus_decipher:indus_website
H-354,S1373,Bult,L-R,1,unknown,joyboseroy/indus_decipher:indus_website
H-355,S1374,unknown,L-R,1,unknown,joyboseroy/indus_decipher:indus_website
H-356,S1375,Bult,L-R,1,unknown,joyboseroy/indus_decipher:indus_website
H-357,S1376,Bult,L-R,1,unknown,joyboseroy/indus_decipher:indus_website
H-359,S1378,Bult,L-R,1,unknown,joyboseroy/indus_decipher:indus_website
H-360,S1379,Bult,L-R,1,unknown,joyboseroy/indus_decipher:indus_website
H-361,S1380,Bult,L-R,1,unknown,joyboseroy/indus_decipher:indus_website
H-362,S1381,Bult,L-R,1,unknown,joyboseroy/indus_decipher:indus_website
H-363,S1382,Mult,L-R,1,unknown,joyboseroy/indus_decipher:indus_website
H-364,S1383,Fish,L-R,1,unknown,joyboseroy/indus_decipher:indus_website
H-366,S1385,Fish,L-R,1,unknown,joyboseroy/indus_decipher:indus_website
H-368,S1387,unknown,L-R,1,unknown,joyboseroy/indus_decipher:indus_website
H-369,S1388,unknown,L-R,1,unknown,joyboseroy/indus_decipher:indus_website
H-371,S1390,unknown,R-L,1,unknown,joyboseroy/indus_decipher:indus_website
H-372,S1391,unknown,L-R,1,unknown,joyboseroy/indus_decipher:indus_website
H-380,S1396,unknown,L-R,1,unknown,joyboseroy/indus_decipher:indus_website
H-381,S1397,unknown,L-R,1,unknown,joyboseroy/indus_decipher:indus_website
H-386,S1400,Bull1:W,L-R,1,unknown,joyboseroy/indus_decipher:indus_website
H-388,S1401,Bull1:W,L-R,1,unknown,joyboseroy/indus_decipher:indus_website
H-389,S1402,Bull1:W,L-R,1,unknown,joyboseroy/indus_decipher:indus_website
H-391,S1404,Bull1:I,L-R,1,unknown,joyboseroy/indus_decipher:indus_website
H-405,S1410,Bull1:W,L-R,1,unknown,joyboseroy/indus_decipher:indus_website
H-407,S1412,Bull1:W,L-R,1,unknown,joyboseroy/indus_decipher:indus_website
H-408,S1413,Bull1:W,L-R,1,unknown,joyboseroy/indus_decipher:indus_website
H-410,S1414,Bull1:L,L-R,1,unknown,joyboseroy/indus_decipher:indus_website
H-411,S1415,Bull1:J,L-R,1,unknown,joyboseroy/indus_decipher:indus_website
H-412,S1416,Bull1:I,L-R,1,unknown,joyboseroy/indus_decipher:indus_website
H-420,S1422,Bull1:W,L-R,1,unknown,joyboseroy/indus_decipher:indus_website
H-421,S1423,Bull1:W,L-R,1,unknown,joyboseroy/indus_decipher:indus_website
H-440,S1430,Bull1:W,L-R,1,unknown,joyboseroy/indus_decipher:indus_website
H-441,S1431,Bull1:W,L-R,1,unknown,joyboseroy/indus_decipher:indus_website
H-444,S1434,Bull1:W,L-R,1,unknown,joyboseroy/indus_decipher:indus_website
H-446,S1436,Bull1:J,L-R,1,unknown,joyboseroy/indus_decipher:indus_website
H-449,S1439,Bull1:W,L-R,1,unknown,joyboseroy/indus_decipher:indus_website
H-450,S1440,Bull1:J,L-R,1,unknown,joyboseroy/indus_decipher:indus_website
H-451,S1441,Bull1:W,L-R,1,unknown,joyboseroy/indus_decipher:indus_website
H-452,S1442,Bull1:L,L-R,1,unknown,joyboseroy/indus_decipher:indus_website
H-454,S1444,Bull1:J,L-R,1,unknown,joyboseroy/indus_decipher:indus_website
H-455,S1445,Bull1:J,L-R,1,unknown,joyboseroy/indus_decipher:indus_website
H-456,S1446,Bull1:I,L-R,1,unknown,joyboseroy/indus_decipher:indus_website
H-457,S1447,Bull1:J,L-R,1,unknown,joyboseroy/indus_decipher:indus_website
H-458,S1448,Bull1:I,L-R,1,unknown,joyboseroy/indus_decipher:indus_website
H-459,S1449,Bull1:T,L-R,1,unknown,joyboseroy/indus_decipher:indus_website
H-468,S1456,Bull1:J,L-R,1,unknown,joyboseroy/indus_decipher:indus_website
H-469,S1457,Bull1:J,L-R,1,unknown,joyboseroy/indus_decipher:indus_website
H-472,S1459,Bull1,L-R,1,unknown,joyboseroy/indus_decipher:indus_website
H-473,S1460,Bull1:W,L-R,1,unknown,joyboseroy/indus_decipher:indus_website
H-474,S1461,Bull1:W,L-R,1,unknown,joyboseroy/indus_decipher:indus_website
H-475,S1462,Bull1:W,L-R,1,unknown,joyboseroy/indus_decipher:indus_website
H-477,S1465,Bull1:W,L-R,1,unknown,joyboseroy/indus_decipher:indus_website
H-478,S1466,Bull1:W,L-R,1,unknown,joyboseroy/indus_decipher:indus_website
H-479,S1467,Bull1:W,L-R,1,unknown,joyboseroy/indus_decipher:indus_website
H-483,S1471,Bull1,L-R,1,unknown,joyboseroy/indus_decipher:indus_website
H-499,S1478,Bull1:S,L-R,1,unknown,joyboseroy/indus_decipher:indus_website
H-501,S1479,Bull1,L-R,1,unknown,joyboseroy/indus_decipher:indus_website
H-502,S1480,Bull1:J,L-R,1,unknown,joyboseroy/indus_decipher:indus_website
H-503,S1481,Bull1:J,L-R,1,unknown,joyboseroy/indus_decipher:indus_website
H-505,S1483,Bull1:I,L-R,1,unknown,joyboseroy/indus_decipher:indus_website
H-506,S1484,Bull1:I,L-R,1,unknown,joyboseroy/indus_decipher:indus_website
H-510,S1487,Bull1:I,L-R,1,unknown,joyboseroy/indus_decipher:indus_website
H-511,S1488,Bull1:I,L-R,1,unknown,joyboseroy/indus_decipher:indus_website
H-512,S1489,Bull1:I,L-R,1,unknown,joyboseroy/indus_decipher:indus_website
H-513,S1490,Bull1:U,L-R,1,unknown,joyboseroy/indus_decipher:indus_website
H-514,S1491,Bull1:W,L-R,1,unknown,joyboseroy/indus_decipher:indus_website
H-515,S1492,Bull1:S,L-R,1,unknown,joyboseroy/indus_decipher:indus_website
H-516,S1493,Bull1:I,L-R,1,unknown,joyboseroy/indus_decipher:indus_website
H-518,S1495,Bull1:W,L-R,1,unknown,joyboseroy/indus_decipher:indus_website
H-519,S1496,Bull1:L,L-R,1,unknown,joyboseroy/indus_decipher:indus_website
H-521,S1497,Bull1,L-R,1,unknown,joyboseroy/indus_decipher:indus_website
H-530,S1501,Bull1,L-R,1,unknown,joyboseroy/indus_decipher:indus_website
H-550,S1510,unknown,L-R,1,unknown,joyboseroy/indus_decipher:indus_website
H-565,S1518,unknown,L-R,1,unknown,joyboseroy/indus_decipher:indus_website
H-580,S1530,Gaur,L-R,1,unknown,joyboseroy/indus_decipher:indus_website
H-584,S1532,Gaur,L-R,1,unknown,joyboseroy/indus_decipher:indus_website
H-586,S1533,Zebu,L-R,1,unknown,joyboseroy/indus_decipher:indus_website
H-589,S1534,Buff,L-R,1,unknown,joyboseroy/indus_decipher:indus_website
H-591,S1535,Elep,L-R,1,unknown,joyboseroy/indus_decipher:indus_website
H-592,S1536,Gaur,L-R,1,unknown,joyboseroy/indus_decipher:indus_website
H-596,S1539,unknown,R-L,1,unknown,joyboseroy/indus_decipher:indus_website
H-597,S1540,Bull1:J,L-R,1,unknown,joyboseroy/indus_decipher:indus_website
H-600,S1543,Bull1:I,L-R,1,unknown,joyboseroy/indus_decipher:indus_website
H-601,S1544,Bull1,L-R,1,unknown,joyboseroy/indus_decipher:indus_website
H-608,S1548,unknown,L-R,1,unknown,joyboseroy/indus_decipher:indus_website
H-611,S1551,unknown,L-R,1,unknown,joyboseroy/indus_decipher:indus_website
H-612,S1552,Bull1:L,L-R,1,unknown,joyboseroy/indus_decipher:indus_website
H-642,S1557,unknown,L-R,1,unknown,joyboseroy/indus_decipher:indus_website
H-645,S1560,unknown,L-R,1,unknown,joyboseroy/indus_decipher:indus_website
H-649,S1564,unknown,L-R,1,unknown,joyboseroy/indus_decipher:indus_website
H-654,S1569,unknown,L-R,1,unknown,joyboseroy/indus_decipher:indus_website
H-659,S1574,unknown,L-R,1,unknown,joyboseroy/indus_decipher:indus_website
H-660,S1575,unknown,L-R,1,unknown,joyboseroy/indus_decipher:indus_website
H-665,S1580,unknown,L-R,1,unknown,joyboseroy/indus_decipher:indus_website
H-666,S1581,unknown,L-R,1,unknown,joyboseroy/indus_decipher:indus_website
H-668,S1583,unknown,L-R,1,unknown,joyboseroy/indus_decipher:indus_website
H-669,S1584,unknown,L-R,1,unknown,joyboseroy/indus_decipher:indus_website
H-670,S1585,unknown,L-R,1,unknown,joyboseroy/indus_decipher:indus_website
H-679,S1586,unknown,L-R,1,unknown,joyboseroy/indus_decipher:indus_website
H-680,S1587,unknown,L-R,1,unknown,joyboseroy/indus_decipher:indus_website
H-681,S1588,unknown,L-R,1,unknown,joyboseroy/indus_decipher:indus_website
H-688,S1594,unknown,L-R,1,unknown,joyboseroy/indus_decipher:indus_website
H-694,S1599,Bull1:S,L-R,1,unknown,joyboseroy/indus_decipher:indus_website
H-695,S1600,Bull1:S,L-R,1,unknown,joyboseroy/indus_decipher:indus_website
H-696,S1601,Bull1,L-R,1,unknown,joyboseroy/indus_decipher:indus_website
H-697,S1602,Bull2,L-R,1,unknown,joyboseroy/indus_decipher:indus_website
H-698,S1603,Gaur,L-R,1,unknown,joyboseroy/indus_decipher:indus_website
H-699,S1604,Zebu,L-R,1,unknown,joyboseroy/indus_decipher:indus_website
H-700,S1605,Zebu,L-R,1,unknown,joyboseroy/indus_decipher:indus_website
H-702,S1607,Mult,L-R,1,unknown,joyboseroy/indus_decipher:indus_website
H-703,S1608,Bull,L-R,1,unknown,joyboseroy/indus_decipher:indus_website
H-705,S1610,Gavi,L-R,1,unknown,joyboseroy/indus_decipher:indus_website
H-706,S1611,Gavi,L-R,1,unknown,joyboseroy/indus_decipher:indus_website
H-709,S1614,Gavi,L-R,1,unknown,joyboseroy/indus_decipher:indus_website
H-710,S1615,Gavi,L-R,1,unknown,joyboseroy/indus_decipher:indus_website
H-715,S1619,T-A-T,L-R,1,unknown,joyboseroy/indus_decipher:indus_website
H-717,S1620,unknown,L-R,1,unknown,joyboseroy/indus_decipher:indus_website
H-718,S1621,Phyt,L-R,1,unknown,joyboseroy/indus_decipher:indus_website
H-719,S1622,Phyt,L-R,1,unknown,joyboseroy/indus_decipher:indus_website
H-720,S1623,Phyt,L-R,1,unknown,joyboseroy/indus_decipher:indus_website
H-723,S1625,Phyt,L-R,1,unknown,joyboseroy/indus_decipher:indus_website
H-724,S1626,Phyt,L-R,1,unknown,joyboseroy/indus_decipher:indus_website
H-726,S1628,Phyt,L-R,1,unknown,joyboseroy/indus_decipher:indus_website
H-728,S1630,Phyt,L-R,1,unknown,joyboseroy/indus_decipher:indus_website
H-729,S1631,Phyt,L-R,1,unknown,joyboseroy/indus_decipher:indus_website
H-734,S1633,unknown,L-R,1,unknown,joyboseroy/indus_decipher:indus_website
H-742,S1636,unknown,L-R,1,unknown,joyboseroy/indus_decipher:indus_website
H-743,S1637,unknown,L-R,1,unknown,joyboseroy/indus_decipher:indus_website
H-745,S1639,unknown,L-R,1,unknown,joyboseroy/indus_decipher:indus_website
H-748,S1641,unknown,L-R,1,unknown,joyboseroy/indus_decipher:indus_website
H-750,S1643,unknown,L-R,1,unknown,joyboseroy/indus_decipher:indus_website
H-751,S1644,unknown,L-R,1,unknown,joyboseroy/indus_decipher:indus_website
H-752,S1645,unknown,L-R,1,unknown,joyboseroy/indus_decipher:indus_website
H-753,S1646,unknown,L-R,1,unknown,joyboseroy/indus_decipher:indus_website
H-754,S1647,unknown,L-R,1,unknown,joyboseroy/indus_decipher:indus_website
H-756,S1649,unknown,L-R,1,unknown,joyboseroy/indus_decipher:indus_website
H-757,S1650,unknown,L-R,1,unknown,joyboseroy/indus_decipher:indus_website
H-758,S1651,unknown,L-R,1,unknown,joyboseroy/indus_decipher:indus_website
H-761,S1653,unknown,L-R,1,unknown,joyboseroy/indus_decipher:indus_website
H-766,S1658,unknown,L-R,1,unknown,joyboseroy/indus_decipher:indus_website
H-767,S1659,unknown,L-R,1,unknown,joyboseroy/indus_decipher:indus_website
H-768,S1660,unknown,L-R,1,unknown,joyboseroy/indus_decipher:indus_website
H-770,S1662,unknown,L-R,1,unknown,joyboseroy/indus_decipher:indus_website
H-771,S1663,unknown,L-R,1,unknown,joyboseroy/indus_decipher:indus_website
H-773,S1665,unknown,L-R,1,unknown,joyboseroy/indus_decipher:indus_website
H-774,S1666,unknown,L-R,1,unknown,joyboseroy/indus_decipher:indus_website
H-776,S1667,unknown,L-R,1,unknown,joyboseroy/indus_decipher:indus_website
H-777,S1668,unknown,L-R,1,unknown,joyboseroy/indus_decipher:indus_website
H-778,S1669,unknown,L-R,1,unknown,joyboseroy/indus_decipher:indus_website
H-779,S1670,unknown,L-R,1,unknown,joyboseroy/indus_decipher:indus_website
H-780,S1671,unknown,L-R,1,unknown,joyboseroy/indus_decipher:indus_website
H-781,S1672,unknown,L-R,1,unknown,joyboseroy/indus_decipher:indus_website
H-783,S1674,unknown,L-R,1,unknown,joyboseroy/indus_decipher:indus_website
H-785,S1676,unknown,L-R,1,unknown,joyboseroy/indus_decipher:indus_website
H-786,S1677,unknown,L-R,1,unknown,joyboseroy/indus_decipher:indus_website
H-787,S1678,unknown,R-L,1,unknown,joyboseroy/indus_decipher:indus_website
H-788,S1679,unknown,L-R,1,unknown,joyboseroy/indus_decipher:indus_website
H-789,S1680,unknown,L-R,1,unknown,joyboseroy/indus_decipher:indus_website
H-790,S1681,unknown,L-R,1,unknown,joyboseroy/indus_decipher:indus_website
H-792,S1683,unknown,L-R,1,unknown,joyboseroy/indus_decipher:indus_website
H-793,S1684,unknown,L-R,1,unknown,joyboseroy/indus_decipher:indus_website
H-794,S1685,unknown,L-R,1,unknown,joyboseroy/indus_decipher:indus_website
H-795,S1686,unknown,L-R,1,unknown,joyboseroy/indus_decipher:indus_website
H-796,S1687,unknown,L-R,1,unknown,joyboseroy/indus_decipher:indus_website
H-798,S1689,unknown,L-R,1,unknown,joyboseroy/indus_decipher:indus_website
H-799,S1690,unknown,L-R,1,unknown,joyboseroy/indus_decipher:indus_website
H-800,S1691,unknown,L-R,1,unknown,joyboseroy/indus_decipher:indus_website
H-801,S1692,unknown,L-R,1,unknown,joyboseroy/indus_decipher:indus_website
H-802,S1693,unknown,L-R,1,unknown,joyboseroy/indus_decipher:indus_website
H-806,S1695,unknown,L-R,1,unknown,joyboseroy/indus_decipher:indus_website
H-807,S1696,unknown,L-R,1,unknown,joyboseroy/indus_decipher:indus_website
H-808,S1697,unknown,L-R,1,unknown,joyboseroy/indus_decipher:indus_website
H-810,S1699,Mult,L-R,1,unknown,joyboseroy/indus_decipher:indus_website
H-811,S1700,unknown,L-R,1,unknown,joyboseroy/indus_decipher:indus_website
H-812,S1701,unknown,L-R,1,unknown,joyboseroy/indus_decipher:indus_website
H-813,S1702,unknown,L-R,1,unknown,joyboseroy/indus_decipher:indus_website
H-814,S1703,unknown,R-L,1,unknown,joyboseroy/indus_decipher:indus_website
H-815,S1704,Othr,L-R,1,unknown,joyboseroy/indus_decipher:indus_website
H-816,S1705,unknown,L-R,1,unknown,joyboseroy/indus_decipher:indus_website
H-817,S1706,unknown,L-R,1,unknown,joyboseroy/indus_decipher:indus_website
H-818,S1707,unknown,L-R,1,unknown,joyboseroy/indus_decipher:indus_website
H-819,S1708,unknown,L-R,1,unknown,joyboseroy/indus_decipher:indus_website
H-821,S1710,unknown,R-L,1,unknown,joyboseroy/indus_decipher:indus_website
H-822,S1711,unknown,R-L,1,unknown,joyboseroy/indus_decipher:indus_website
H-823,S1712,unknown,L-R,1,unknown,joyboseroy/indus_decipher:indus_website
H-825,S1715,unknown,L-R,1,unknown,joyboseroy/indus_decipher:indus_website
H-827,S1716,unknown,L-R,1,unknown,joyboseroy/indus_decipher:indus_website
H-829,S1717,unknown,R-L,1,unknown,joyboseroy/indus_decipher:indus_website
H-833,S1719,unknown,L-R,1,unknown,joyboseroy/indus_decipher:indus_website
H-834,S1720,unknown,L-R,1,unknown,joyboseroy/indus_decipher:indus_website
H-838,S1724,unknown,L-R,1,unknown,joyboseroy/indus_decipher:indus_website
H-839,S1725,unknown,L-R,1,unknown,joyboseroy/indus_decipher:indus_website
H-841,S1727,unknown,L-R,1,unknown,joyboseroy/indus_decipher:indus_website
H-842,S1728,unknown,L-R,1,unknown,joyboseroy/indus_decipher:indus_website
H-843,S1729,Xhch,L-R,1,unknown,joyboseroy/indus_decipher:indus_website
H-846,S1732,Gavi,L-R,1,unknown,joyboseroy/indus_decipher:indus_website
H-848,S1734,unknown,L-R,1,unknown,joyboseroy/indus_decipher:indus_website
H-849,S1735,Fish,L-R,1,unknown,joyboseroy/indus_decipher:indus_website
H-850,S1736,Fish,L-R,1,unknown,joyboseroy/indus_decipher:indus_website
H-852,S1738,Phyt,L-R,1,unknown,joyboseroy/indus_decipher:indus_website
H-853,S1739,Bult,L-R,1,unknown,joyboseroy/indus_decipher:indus_website
H-854,S1740,Bult,R-L,1,unknown,joyboseroy/indus_decipher:indus_website
H-857,S1741,unknown,L-R,1,unknown,joyboseroy/indus_decipher:indus_website
H-859,S1742,Bull1:I,L-R,1,unknown,joyboseroy/indus_decipher:indus_website
H-860,S1743,Bull1:I,L-R,1,unknown,joyboseroy/indus_decipher:indus_website
H-861,S1744,Bull1:I,L-R,1,unknown,joyboseroy/indus_decipher:indus_website
H-862,S1745,Bull1:I,L-R,1,unknown,joyboseroy/indus_decipher:indus_website
H-863,S1746,Bull1:I,L-R,1,unknown,joyboseroy/indus_decipher:indus_website
H-864,S1747,Bull1:I,L-R,1,unknown,joyboseroy/indus_decipher:indus_website
H-865,S1748,Bull1:I,L-R,1,unknown,joyboseroy/indus_decipher:indus_website
H-866,S1749,Bull1:U,L-R,1,unknown,joyboseroy/indus_decipher:indus_website
H-867,S1750,Bull1:U,L-R,1,unknown,joyboseroy/indus_decipher:indus_website
H-868,S1751,Bull1:I,L-R,1,unknown,joyboseroy/indus_decipher:indus_website
H-869,S1752,Bull1:I,L-R,1,unknown,joyboseroy/indus_decipher:indus_website
H-870,S1753,Bull1:I,L-R,1,unknown,joyboseroy/indus_decipher:indus_website
H-871,S1754,Gavi,L-R,1,unknown,joyboseroy/indus_decipher:indus_website
H-872,S1755,Gavi,L-R,1,unknown,joyboseroy/indus_decipher:indus_website
H-873,S1756,Gavi,L-R,1,unknown,joyboseroy/indus_decipher:indus_website
H-875,S1758,unknown,L-R,1,unknown,joyboseroy/indus_decipher:indus_website
H-876,S1759,unknown,L-R,1,unknown,joyboseroy/indus_decipher:indus_website
H-879,S1762,Gavi,R-L,1,unknown,joyboseroy/indus_decipher:indus_website
H-880,S1763,Gavi,R-L,1,unknown,joyboseroy/indus_decipher:indus_website
H-881,S1764,Gavi,R-L,1,unknown,joyboseroy/indus_decipher:indus_website
H-882,S1765,Gavi,R-L,1,unknown,joyboseroy/indus_decipher:indus_website
H-887,S1769,unknown,L-R,1,unknown,joyboseroy/indus_decipher:indus_website
H-888,S1770,Bult,L-R,1,unknown,joyboseroy/indus_decipher:indus_website
H-889,S1771,Bult,L-R,1,unknown,joyboseroy/indus_decipher:indus_website
H-890,S1772,unknown,L-R,1,unknown,joyboseroy/indus_decipher:indus_website
H-891,S1773,unknown,L-R,1,unknown,joyboseroy/indus_decipher:indus_website
H-892,S1774,unknown,L-R,1,unknown,joyboseroy/indus_decipher:indus_website
H-893,S1775,unknown,L-R,1,unknown,joyboseroy/indus_decipher:indus_website
H-894,S1776,unknown,L-R,1,unknown,joyboseroy/indus_decipher:indus_website
H-896,S1778,unknown,L-R,1,unknown,joyboseroy/indus_decipher:indus_website
H-1181,S1779,unknown,L-R,1,unknown,joyboseroy/indus_decipher:indus_website
H-899,S1781,unknown,L-R,1,unknown,joyboseroy/indus_decipher:indus_website
H-900,S1782,unknown,L-R,1,unknown,joyboseroy/indus_decipher:indus_website
H-903,S1785,unknown,L-R,1,unknown,joyboseroy/indus_decipher:indus_website
H-904,S1786,unknown,L-R,1,unknown,joyboseroy/indus_decipher:indus_website
H-905,S1787,unknown,L-R,1,unknown,joyboseroy/indus_decipher:indus_website
H-906,S1788,unknown,L-R,1,unknown,joyboseroy/indus_decipher:indus_website
H-910,S1792,unknown,L-R,1,unknown,joyboseroy/indus_decipher:indus_website
H-912,S1793,unknown,L-R,1,unknown,joyboseroy/indus_decipher:indus_website
H-914,S1794,unknown,L-R,1,unknown,joyboseroy/indus_decipher:indus_website
H-916,S1796,unknown,L-R,1,unknown,joyboseroy/indus_decipher:indus_website
H-917,S1797,unknown,L-R,1,unknown,joyboseroy/indus_decipher:indus_website
H-918,S1798,unknown,L-R,1,unknown,joyboseroy/indus_decipher:indus_website
H-919,S1799,unknown,L-R,1,unknown,joyboseroy/indus_decipher:indus_website
H-921,S1801,unknown,L-R,1,unknown,joyboseroy/indus_decipher:indus_website
H-922,S1802,unknown,L-R,1,unknown,joyboseroy/indus_decipher:indus_website
H-923,S1803,unknown,L-R,1,unknown,joyboseroy/indus_decipher:indus_website
H-924,S1804,unknown,L-R,1,unknown,joyboseroy/indus_decipher:indus_website
H-925,S1805,unknown,L-R,1,unknown,joyboseroy/indus_decipher:indus_website
H-926,S1806,unknown,L-R,1,unknown,joyboseroy/indus_decipher:indus_website
H-927,S1807,unknown,L-R,1,unknown,joyboseroy/indus_decipher:indus_website
H-928,S1808,unknown,L-R,1,unknown,joyboseroy/indus_decipher:indus_website
H-929,S1809,unknown,L-R,1,unknown,joyboseroy/indus_decipher:indus_website
H-930,S1810,unknown,L-R,1,unknown,joyboseroy/indus_decipher:indus_website
H-931,S1811,unknown,L-R,1,unknown,joyboseroy/indus_decipher:indus_website
H-933,S1813,unknown,R-L,1,unknown,joyboseroy/indus_decipher:indus_website
H-934,S1814,unknown,L-R,1,unknown,joyboseroy/indus_decipher:indus_website
H-935,S1815,unknown,L-R,1,unknown,joyboseroy/indus_decipher:indus_website
H-936,S1816,unknown,L-R,1,unknown,joyboseroy/indus_decipher:indus_website
H-938,S1818,unknown,L-R,1,unknown,joyboseroy/indus_decipher:indus_website
H-939,S1819,unknown,R-L,1,unknown,joyboseroy/indus_decipher:indus_website
H-941,S1821,unknown,L-R,1,unknown,joyboseroy/indus_decipher:indus_website
H-942,S1822,unknown,R-L,1,unknown,joyboseroy/indus_decipher:indus_website
H-943,S1823,unknown,L-R,1,unknown,joyboseroy/indus_decipher:indus_website
H-944,S1824,unknown,L-R,1,unknown,joyboseroy/indus_decipher:indus_website
H-945,S1825,unknown,L-R,1,unknown,joyboseroy/indus_decipher:indus_website
H-946,S1826,unknown,L-R,1,unknown,joyboseroy/indus_decipher:indus_website
H-947,S1827,unknown,L-R,1,unknown,joyboseroy/indus_decipher:indus_website
H-948,S1828,unknown,L-R,1,unknown,joyboseroy/indus_decipher:indus_website
H-949,S1829,unknown,L-R,1,unknown,joyboseroy/indus_decipher:indus_website
H-950,S1830,unknown,L-R,1,unknown,joyboseroy/indus_decipher:indus_website
H-951,S1831,unknown,L-R,1,unknown,joyboseroy/indus_decipher:indus_website
H-952,S1832,unknown,L-R,1,unknown,joyboseroy/indus_decipher:indus_website
H-953,S1833,unknown,L-R,1,unknown,joyboseroy/indus_decipher:indus_website
H-954,S1834,unknown,L-R,1,unknown,joyboseroy/indus_decipher:indus_website
H-959,S1836,unknown,L-R,1,unknown,joyboseroy/indus_decipher:indus_website
H-960,S1837,unknown,L-R,1,unknown,joyboseroy/indus_decipher:indus_website
H-961,S1838,unknown,L-R,1,unknown,joyboseroy/indus_decipher:indus_website
H-962,S1839,unknown,L-R,1,unknown,joyboseroy/indus_decipher:indus_website
H-963,S1840,unknown,L-R,1,unknown,joyboseroy/indus_decipher:indus_website
H-965,S1842,unknown,L-R,1,unknown,joyboseroy/indus_decipher:indus_website
H-966,S1843,unknown,L-R,1,unknown,joyboseroy/indus_decipher:indus_website
H-967,S1844,unknown,L-R,1,unknown,joyboseroy/indus_decipher:indus_website
H-968,S1845,unknown,R-L,1,unknown,joyboseroy/indus_decipher:indus_website
H-969,S1846,unknown,L-R,1,unknown,joyboseroy/indus_decipher:indus_website
H-975,S1852,unknown,L-R,1,unknown,joyboseroy/indus_decipher:indus_website
H-976,S1853,Fish,L-R,1,unknown,joyboseroy/indus_decipher:indus_website
H-978,S1855,Bult,L-R,1,unknown,joyboseroy/indus_decipher:indus_website
H-979,S1856,Bult,L-R,1,unknown,joyboseroy/indus_decipher:indus_website
H-982,S1858,Bult,L-R,1,unknown,joyboseroy/indus_decipher:indus_website
H-983,S1859,Bult,L-R,1,unknown,joyboseroy/indus_decipher:indus_website
H-985,S1861,unknown,L-R,1,unknown,joyboseroy/indus_decipher:indus_website
H-987,S1863,unknown,L-R,1,unknown,joyboseroy/indus_decipher:indus_website
H-988,S1864,Bult,L-R,1,unknown,joyboseroy/indus_decipher:indus_website
Hls-1,S1874,unknown,L-R,1,unknown,joyboseroy/indus_decipher:indus_website
Jk-2,S1875,Bull1:J,L-R,1,unknown,joyboseroy/indus_decipher:indus_website
K-63,S1876,unknown,L-R,1,unknown,joyboseroy/indus_decipher:indus_website
K-1,S1877,Bull1:W,L-R,1,unknown,joyboseroy/indus_decipher:indus_website
K-4,S1879,Bull1:W,L-R,1,unknown,joyboseroy/indus_decipher:indus_website
K-5,S1880,Bull1:W,L-R,1,unknown,joyboseroy/indus_decipher:indus_website
K-7,S1882,Bull1:W,L-R,1,unknown,joyboseroy/indus_decipher:indus_website
K-9,S1884,Bull1:W,L-R,1,unknown,joyboseroy/indus_decipher:indus_website
K-10,S1885,Bull1:I,L-R,1,unknown,joyboseroy/indus_decipher:indus_website
K-11,S1886,Bull1:S,L-R,1,unknown,joyboseroy/indus_decipher:indus_website
K-13,S1888,Bull1:J,L-R,1,unknown,joyboseroy/indus_decipher:indus_website
K-15,S1890,Bull1:II,L-R,1,unknown,joyboseroy/indus_decipher:indus_website
K-16,S1891,Bull1:X,L-R,1,unknown,joyboseroy/indus_decipher:indus_website
K-17,S1892,Bull1:I,L-R,1,unknown,joyboseroy/indus_decipher:indus_website
K-19,S1894,Bull1:W,L-R,1,unknown,joyboseroy/indus_decipher:indus_website
K-20,S1895,Bull1:J,L-R,1,unknown,joyboseroy/indus_decipher:indus_website
K-22,S1896,Bull1:I,L-R,1,unknown,joyboseroy/indus_decipher:indus_website
K-23,S1897,Bull1:I,L-R,1,unknown,joyboseroy/indus_decipher:indus_website
K-24,S1898,Bull1,L-R,1,unknown,joyboseroy/indus_decipher:indus_website
K-25,S1899,Bull1,L-R,1,unknown,joyboseroy/indus_decipher:indus_website
K-27,S1901,Bull2,L-R,1,unknown,joyboseroy/indus_decipher:indus_website
K-28,S1902,Gaur,L-R,1,unknown,joyboseroy/indus_decipher:indus_website
K-33,S1906,Buff,L-R,1,unknown,joyboseroy/indus_decipher:indus_website
K-39,S1907,Rhin,L-R,1,unknown,joyboseroy/indus_decipher:indus_website
K-40,S1908,Elep,L-R,1,unknown,joyboseroy/indus_decipher:indus_website
K-49,S1912,T-A-T,L-R,1,unknown,joyboseroy/indus_decipher:indus_website
K-50,S1913,Comp,R-L,1,unknown,joyboseroy/indus_decipher:indus_website
K-51,S1914,unknown,L-R,1,unknown,joyboseroy/indus_decipher:indus_website
K-56,S1919,Bull1:I,R-L,1,unknown,joyboseroy/indus_decipher:indus_website
K-59,S1920,unknown,L-R,1,unknown,joyboseroy/indus_decipher:indus_website
K-61,S1922,unknown,R-L,1,unknown,joyboseroy/indus_decipher:indus_website
K-62,S1923,unknown,L-R,1,unknown,joyboseroy/indus_decipher:indus_website
K-68,S1926,Bull1,L-R,1,unknown,joyboseroy/indus_decipher:indus_website
K-69,S1927,Bull1,L-R,1,unknown,joyboseroy/indus_decipher:indus_website
K-70,S1928,Bull1,L-R,1,unknown,joyboseroy/indus_decipher:indus_website
K-71,S1929,unknown,L-R,1,unknown,joyboseroy/indus_decipher:indus_website
K-72,S1930,Bull1,L-R,1,unknown,joyboseroy/indus_decipher:indus_website
K-73,S1931,Bull1,L-R,1,unknown,joyboseroy/indus_decipher:indus_website
K-74,S1932,Bull1,L-R,1,unknown,joyboseroy/indus_decipher:indus_website
K-75,S1933,Bull1,L-R,1,unknown,joyboseroy/indus_decipher:indus_website
K-78,S1935,Gavi,L-R,1,unknown,joyboseroy/indus_decipher:indus_website
K-82,S1938,Bull1,L-R,1,unknown,joyboseroy/indus_decipher:indus_website
K-85,S1940,Elep,L-R,1,unknown,joyboseroy/indus_decipher:indus_website
K-90,S1945,unknown,L-R,1,unknown,joyboseroy/indus_decipher:indus_website
K-97,S1951,unknown,L-R,1,unknown,joyboseroy/indus_decipher:indus_website
K-104,S1957,unknown,L-R,1,unknown,joyboseroy/indus_decipher:indus_website
K-120,S1964,unknown,L-R,1,unknown,joyboseroy/indus_decipher:indus_website
K-32,S1967,Zebu,L-R,1,unknown,joyboseroy/indus_decipher:indus_website
Krs-1,S1968,unknown,L-R,1,unknown,joyboseroy/indus_decipher:indus_website
Krs-2,S1969,unknown,L-R,1,unknown,joyboseroy/indus_decipher:indus_website
Lh-1,S1981,Bull1:S,L-R,1,unknown,joyboseroy/indus_decipher:indus_website
L-1,S1984,Bull1:W,L-R,1,unknown,joyboseroy/indus_decipher:indus_website
L-4,S1986,Bull1,L-R,1,unknown,joyboseroy/indus_decipher:indus_website
L-9,S1988,Bull1:W,L-R,1,unknown,joyboseroy/indus_decipher:indus_website
L-11,S1990,Bull1:L,L-R,1,unknown,joyboseroy/indus_decipher:indus_website
L-16,S1994,Bull1:W,L-R,1,unknown,joyboseroy/indus_decipher:indus_website
L-18,S1996,Bull1:S,L-R,1,unknown,joyboseroy/indus_decipher:indus_website
L-20,S1998,Bull1:J,L-R,1,unknown,joyboseroy/indus_decipher:indus_website
L-21,S1999,Bull1:S,L-R,1,unknown,joyboseroy/indus_decipher:indus_website
L-22,S2000,Bull1:U,L-R,1,unknown,joyboseroy/indus_decipher:indus_website
L-23,S2001,Bull1:W,L-R,1,unknown,joyboseroy/indus_decipher:indus_website
L-26,S2003,Bull1:W,L-R,1,unknown,joyboseroy/indus_decipher:indus_website
L-28,S2005,Bull1:S,L-R,1,unknown,joyboseroy/indus_decipher:indus_website
L-29,S2006,Bull1:O,L-R,1,unknown,joyboseroy/indus_decipher:indus_website
L-35,S2008,Bull1:J,L-R,1,unknown,joyboseroy/indus_decipher:indus_website
L-36,S2009,Bull1,L-R,1,unknown,joyboseroy/indus_decipher:indus_website
L-37,S2010,Bull1,L-R,1,unknown,joyboseroy/indus_decipher:indus_website
L-38,S2011,Bull1:V,L-R,1,unknown,joyboseroy/indus_decipher:indus_website
L-39,S2012,Bull1,L-R,1,unknown,joyboseroy/indus_decipher:indus_website
L-41,S2013,Bull,L-R,1,unknown,joyboseroy/indus_decipher:indus_website
L-42,S2014,Bull1:S,L-R,1,unknown,joyboseroy/indus_decipher:indus_website
L-43,S2015,Bull1:X,L-R,1,unknown,joyboseroy/indus_decipher:indus_website
L-45,S2016,Gaur,L-R,1,unknown,joyboseroy/indus_decipher:indus_website
L-46,S2017,Gaur,L-R,1,unknown,joyboseroy/indus_decipher:indus_website
L-47,S2018,Bull1,L-R,1,unknown,joyboseroy/indus_decipher:indus_website
L-48,S2019,Goat:2,L-R,1,unknown,joyboseroy/indus_decipher:indus_website
L-51,S2020,Misc,L-R,1,unknown,joyboseroy/indus_decipher:indus_website
L-52,S2021,unknown,R-L,1,unknown,joyboseroy/indus_decipher:indus_website
L-55,S2022,unknown,L-R,1,unknown,joyboseroy/indus_decipher:indus_website
L-56,S2023,unknown,R-L,1,unknown,joyboseroy/indus_decipher:indus_website
L-58,S2025,unknown,L-R,1,unknown,joyboseroy/indus_decipher:indus_website
L-59,S2026,unknown,L-R,1,unknown,joyboseroy/indus_decipher:indus_website
L-60,S2027,unknown,R-L,1,unknown,joyboseroy/indus_decipher:indus_website
L-82,S2036,unknown,L-R,1,unknown,joyboseroy/indus_decipher:indus_website
L-83,S2037,unknown,L-R,1,unknown,joyboseroy/indus_decipher:indus_website
L-87,S2041,unknown,L-R,1,unknown,joyboseroy/indus_decipher:indus_website
L-88,S2042,unknown,L-R,1,unknown,joyboseroy/indus_decipher:indus_website
L-89,S2043,unknown,L-R,1,unknown,joyboseroy/indus_decipher:indus_website
L-90,S2044,unknown,L-R,1,unknown,joyboseroy/indus_decipher:indus_website
L-92,S2046,unknown,L-R,1,unknown,joyboseroy/indus_decipher:indus_website
L-97,S2051,unknown,L-R,1,unknown,joyboseroy/indus_decipher:indus_website
L-98,S2052,unknown,L-R,1,unknown,joyboseroy/indus_decipher:indus_website
L-101,S2053,unknown,L-R,1,unknown,joyboseroy/indus_decipher:indus_website
L-102,S2054,unknown,L-R,1,unknown,joyboseroy/indus_decipher:indus_website
L-111,S2060,unknown,L-R,1,unknown,joyboseroy/indus_decipher:indus_website
L-112,S2061,unknown,L-R,1,unknown,joyboseroy/indus_decipher:indus_website
L-114,S2063,unknown,L-R,1,unknown,joyboseroy/indus_decipher:indus_website
L-115,S2064,unknown,L-R,1,unknown,joyboseroy/indus_decipher:indus_website
L-118,S2066,unknown,R-L,1,unknown,joyboseroy/indus_decipher:indus_website
L-122,S2067,unknown,L-R,1,unknown,joyboseroy/indus_decipher:indus_website
L-124,S2068,unknown,L-R,1,unknown,joyboseroy/indus_decipher:indus_website
L-125,S2069,Bull1,L-R,1,unknown,joyboseroy/indus_decipher:indus_website
L-126,S2070,Bull1,L-R,1,unknown,joyboseroy/indus_decipher:indus_website
L-128,S2071,unknown,L-R,1,unknown,joyboseroy/indus_decipher:indus_website
L-129,S2072,unknown,L-R,1,unknown,joyboseroy/indus_decipher:indus_website
L-130,S2073,Bull1,L-R,1,unknown,joyboseroy/indus_decipher:indus_website
L-131,S2074,unknown,L-R,1,unknown,joyboseroy/indus_decipher:indus_website
L-134,S2077,unknown,L-R,1,unknown,joyboseroy/indus_decipher:indus_website
L-142,S2084,Bull1,L-R,1,unknown,joyboseroy/indus_decipher:indus_website
L-143,S2085,Bull1,L-R,1,unknown,joyboseroy/indus_decipher:indus_website
L-145,S2087,Bull1,L-R,1,unknown,joyboseroy/indus_decipher:indus_website
L-146,S2088,Bull1,L-R,1,unknown,joyboseroy/indus_decipher:indus_website
L-161,S2093,Elep,L-R,1,unknown,joyboseroy/indus_decipher:indus_website
L-162,S2094,Elep,L-R,1,unknown,joyboseroy/indus_decipher:indus_website
L-163,S2095,Elep,L-R,1,unknown,joyboseroy/indus_decipher:indus_website
L-164,S2096,Elep,L-R,1,unknown,joyboseroy/indus_decipher:indus_website
L-165,S2097,Elep,L-R,1,unknown,joyboseroy/indus_decipher:indus_website
L-166,S2098,Elep,L-R,1,unknown,joyboseroy/indus_decipher:indus_website
L-167,S2099,Elep,L-R,1,unknown,joyboseroy/indus_decipher:indus_website
L-168,S2100,Elep,L-R,1,unknown,joyboseroy/indus_decipher:indus_website
L-169,S2101,Elep,L-R,1,unknown,joyboseroy/indus_decipher:indus_website
L-170,S2102,Elep,L-R,1,unknown,joyboseroy/indus_decipher:indus_website
L-190,S2112,unknown,L-R,1,unknown,joyboseroy/indus_decipher:indus_website
L-197,S2117,unknown,L-R,1,unknown,joyboseroy/indus_decipher:indus_website
L-206,S2125,unknown,L-R,1,unknown,joyboseroy/indus_decipher:indus_website
L-207,S2126,Bull1,L-R,1,unknown,joyboseroy/indus_decipher:indus_website
L-218,S2134,Bull1,L-R,1,unknown,joyboseroy/indus_decipher:indus_website
L-219,S2135,Bull1,L-R,1,unknown,joyboseroy/indus_decipher:indus_website
L-220,S2136,CompBull,L-R,1,unknown,joyboseroy/indus_decipher:indus_website
L-271,S2149,unknown,R-L,1,unknown,joyboseroy/indus_decipher:indus_website
M-2062,S2158,unknown,L-R,1,unknown,joyboseroy/indus_decipher:indus_website
M-2067,S2159,unknown,L-R,1,unknown,joyboseroy/indus_decipher:indus_website
M-2061,S2161,unknown,L-R,1,unknown,joyboseroy/indus_decipher:indus_website
M-2063,S2162,unknown,L-R,1,unknown,joyboseroy/indus_decipher:indus_website
M-1989,S2176,unknown,R-L,1,unknown,joyboseroy/indus_decipher:indus_website
M-1742,S2177,Bull1:W,L-R,1,unknown,joyboseroy/indus_decipher:indus_website
M-1696,S2178,Bull1:II,L-R,1,unknown,joyboseroy/indus_decipher:indus_website
M-1880,S2179,Gaur,L-R,1,unknown,joyboseroy/indus_decipher:indus_website
M-1847,S2181,Bull1,L-R,1,unknown,joyboseroy/indus_decipher:indus_website
M-1792,S2182,Bull1:J,L-R,1,unknown,joyboseroy/indus_decipher:indus_website
M-1748,S2183,Bull1,L-R,1,unknown,joyboseroy/indus_decipher:indus_website
M-1794,S2184,Bull1:W,L-R,1,unknown,joyboseroy/indus_decipher:indus_website
M-1751,S2185,Bull1:J,L-R,1,unknown,joyboseroy/indus_decipher:indus_website
M-1850,S2188,Bull1:S,L-R,1,unknown,joyboseroy/indus_decipher:indus_website
M-1953,S2189,unknown,L-R,1,unknown,joyboseroy/indus_decipher:indus_website
M-1857,S2191,Bull1,L-R,1,unknown,joyboseroy/indus_decipher:indus_website
M-1805,S2192,Bull1:S,L-R,1,unknown,joyboseroy/indus_decipher:indus_website
M-1766,S2193,Bull1:W,L-R,1,unknown,joyboseroy/indus_decipher:indus_website
M-1809,S2194,Bull1:U,L-R,1,unknown,joyboseroy/indus_decipher:indus_website
M-1749,S2195,Bull1:W,L-R,1,unknown,joyboseroy/indus_decipher:indus_website
M-1764,S2196,Bull1:W,L-R,1,unknown,joyboseroy/indus_decipher:indus_website
M-1685,S2197,Bull1:S,L-R,1,unknown,joyboseroy/indus_decipher:indus_website
M-1682,S2199,Bull1:W,L-R,1,unknown,joyboseroy/indus_decipher:indus_website
M-2003,S2200,unknown,L-R,1,unknown,joyboseroy/indus_decipher:indus_website
M-1976,S2204,unknown,L-R,1,unknown,joyboseroy/indus_decipher:indus_website
M-1984,S2205,unknown,L-R,1,unknown,joyboseroy/indus_decipher:indus_website
M-1689,S2206,Bull1:W,L-R,1,unknown,joyboseroy/indus_decipher:indus_website
M-2113,S2210,unknown,L-R,1,unknown,joyboseroy/indus_decipher:indus_website
M-165,S2212,Bull1:I,L-R,1,unknown,joyboseroy/indus_decipher:indus_website
M-235,S2213,Gaur,L-R,1,unknown,joyboseroy/indus_decipher:indus_website
M-1811,S2215,Bull1:L,L-R,1,unknown,joyboseroy/indus_decipher:indus_website
M-1683,S2218,Bull1:W,L-R,1,unknown,joyboseroy/indus_decipher:indus_website
M-1881,S2219,Gaur,L-R,1,unknown,joyboseroy/indus_decipher:indus_website
M-1675,S2220,Bull1:W,L-R,1,unknown,joyboseroy/indus_decipher:indus_website
M-1892,S2221,Zebu,L-R,1,unknown,joyboseroy/indus_decipher:indus_website
M-1824,S2222,Bull1:L,L-R,1,unknown,joyboseroy/indus_decipher:indus_website
M-1986,S2223,unknown,L-R,1,unknown,joyboseroy/indus_decipher:indus_website
M-1676,S2224,Bull1:S,L-R,1,unknown,joyboseroy/indus_decipher:indus_website
M-1923,S2225,Tigr,L-R,1,unknown,joyboseroy/indus_decipher:indus_website
M-1692,S2226,Bull1:L,L-R,1,unknown,joyboseroy/indus_decipher:indus_website
M-1975,S2227,unknown,L-R,1,unknown,joyboseroy/indus_decipher:indus_website
M-1697,S2228,Bull1:W,L-R,1,unknown,joyboseroy/indus_decipher:indus_website
M-1737,S2229,Bull1:W,L-R,1,unknown,joyboseroy/indus_decipher:indus_website
M-1743,S2230,Bull1:J,L-R,1,unknown,joyboseroy/indus_decipher:indus_website
M-1688,S2231,Bull1:S,L-R,1,unknown,joyboseroy/indus_decipher:indus_website
M-1916,S2232,Tigr,L-R,1,unknown,joyboseroy/indus_decipher:indus_website
M-1744,S2233,Bull1:L,L-R,1,unknown,joyboseroy/indus_decipher:indus_website
M-1956,S2234,unknown,L-R,1,unknown,joyboseroy/indus_decipher:indus_website
M-2036,S2235,Mult,L-R,1,unknown,joyboseroy/indus_decipher:indus_website
M-1677,S2236,Bull1:W,L-R,1,unknown,joyboseroy/indus_decipher:indus_website
M-1674,S2240,Bull1:J,L-R,1,unknown,joyboseroy/indus_decipher:indus_website
M-1795,S2241,Bull1:S,L-R,1,unknown,joyboseroy/indus_decipher:indus_website
M-1702,S2242,Bull1:W,L-R,1,unknown,joyboseroy/indus_decipher:indus_website
M-940,S2243,Bull1:J,L-R,1,unknown,joyboseroy/indus_decipher:indus_website
M-1807,S2244,Bull1:S,L-R,1,unknown,joyboseroy/indus_decipher:indus_website
M-457,S2246,Crs,L-R,1,unknown,joyboseroy/indus_decipher:indus_website
M-1849,S2248,Bull1:L,L-R,1,unknown,joyboseroy/indus_decipher:indus_website
M-966,S2249,Bull1:J,L-R,1,unknown,joyboseroy/indus_decipher:indus_website
M-1981,S2250,unknown,L-R,1,unknown,joyboseroy/indus_decipher:indus_website
M-1704,S2251,Bull1:W,L-R,1,unknown,joyboseroy/indus_decipher:indus_website
M-2028,S2252,unknown,L-R,1,unknown,joyboseroy/indus_decipher:indus_website
M-1800,S2253,Bull1:W,L-R,1,unknown,joyboseroy/indus_decipher:indus_website
M-1756,S2254,Bull1:J,L-R,1,unknown,joyboseroy/indus_decipher:indus_website
M-1765,S2255,Bull1:W,L-R,1,unknown,joyboseroy/indus_decipher:indus_website
M-1753,S2256,Bull1:L,L-R,1,unknown,joyboseroy/indus_decipher:indus_website
M-1819,S2259,Bull1:I,L-R,1,unknown,joyboseroy/indus_decipher:indus_website
M-1721,S2261,Bull1:W,L-R,1,unknown,joyboseroy/indus_decipher:indus_website
M-1827,S2262,Bull1:I,L-R,1,unknown,joyboseroy/indus_decipher:indus_website
M-963,S2263,Bull1:S,L-R,1,unknown,joyboseroy/indus_decipher:indus_website
M-1699,S2264,Bull1:W,L-R,1,unknown,joyboseroy/indus_decipher:indus_website
M-888,S2265,Bull1:S,L-R,1,unknown,joyboseroy/indus_decipher:indus_website
M-1705,S2266,Bull1:W,L-R,1,unknown,joyboseroy/indus_decipher:indus_website
M-1848,S2267,Bull1:U,L-R,1,unknown,joyboseroy/indus_decipher:indus_website
M-1709,S2268,Bull1:S,L-R,1,unknown,joyboseroy/indus_decipher:indus_website
M-1668,S2270,Bull1:S,L-R,1,unknown,joyboseroy/indus_decipher:indus_website
M-1684,S2271,Bull1:W,L-R,1,unknown,joyboseroy/indus_decipher:indus_website
M-1717,S2272,Bull1:J,L-R,1,unknown,joyboseroy/indus_decipher:indus_website
M-1839,S2273,Bull1:I,L-R,1,unknown,joyboseroy/indus_decipher:indus_website
M-1726,S2276,Bull1:W,L-R,1,unknown,joyboseroy/indus_decipher:indus_website
M-1990,S2277,unknown,R-L,1,unknown,joyboseroy/indus_decipher:indus_website
M-1974,S2278,unknown,L-R,1,unknown,joyboseroy/indus_decipher:indus_website
M-1724,S2280,Bull1:W,L-R,1,unknown,joyboseroy/indus_decipher:indus_website
M-1879,S2282,Gaur,L-R,1,unknown,joyboseroy/indus_decipher:indus_website
M-1746,S2283,Bull1:S,L-R,1,unknown,joyboseroy/indus_decipher:indus_website
M-1760,S2285,Bull1:S,L-R,1,unknown,joyboseroy/indus_decipher:indus_website
M-1846,S2288,Bull1:I,L-R,1,unknown,joyboseroy/indus_decipher:indus_website
M-1791,S2290,Bull1:J,L-R,1,unknown,joyboseroy/indus_decipher:indus_website
M-1889,S2291,Gaur,L-R,1,unknown,joyboseroy/indus_decipher:indus_website
M-1706,S2292,Bull1:I,L-R,1,unknown,joyboseroy/indus_decipher:indus_website
M-808,S2293,Bull1:J,L-R,1,unknown,joyboseroy/indus_decipher:indus_website
M-1917,S2294,Tigr,L-R,1,unknown,joyboseroy/indus_decipher:indus_website
M-1711,S2296,Bull1:W,L-R,1,unknown,joyboseroy/indus_decipher:indus_website
M-1772,S2297,Bull1:I,L-R,1,unknown,joyboseroy/indus_decipher:indus_website
M-1708,S2299,Bull1:I,L-R,1,unknown,joyboseroy/indus_decipher:indus_website
M-1897,S2302,Zebu,L-R,1,unknown,joyboseroy/indus_decipher:indus_website
M-1761,S2304,Bull1:J,L-R,1,unknown,joyboseroy/indus_decipher:indus_website
M-1828,S2305,Bull1:S,L-R,1,unknown,joyboseroy/indus_decipher:indus_website
M-1886,S2306,Gaur,L-R,1,unknown,joyboseroy/indus_decipher:indus_website
M-1779,S2307,Bull1:J,L-R,1,unknown,joyboseroy/indus_decipher:indus_website
M-1784,S2309,Bull1:W,L-R,1,unknown,joyboseroy/indus_decipher:indus_website
M-1810,S2310,Bull1:J,L-R,1,unknown,joyboseroy/indus_decipher:indus_website
M-1900,S2312,Zebu,L-R,1,unknown,joyboseroy/indus_decipher:indus_website
M-1763,S2313,Bull1:W,L-R,1,unknown,joyboseroy/indus_decipher:indus_website
M-1891,S2314,Gaur,L-R,1,unknown,joyboseroy/indus_decipher:indus_website
M-1821,S2316,Bull1:I,L-R,1,unknown,joyboseroy/indus_decipher:indus_website
M-1977,S2317,unknown,L-R,1,unknown,joyboseroy/indus_decipher:indus_website
M-2089,S2318,unknown,R-L,1,unknown,joyboseroy/indus_decipher:indus_website
M-1829,S2319,Bull1:I,L-R,1,unknown,joyboseroy/indus_decipher:indus_website
M-1803,S2320,Bull1:I,L-R,1,unknown,joyboseroy/indus_decipher:indus_website
M-1762,S2321,Bull1:S,L-R,1,unknown,joyboseroy/indus_decipher:indus_website
M-2041,S2322,unknown,L-R,1,unknown,joyboseroy/indus_decipher:indus_website
M-1755,S2323,Bull1:L,L-R,1,unknown,joyboseroy/indus_decipher:indus_website
M-1777,S2324,Bull1:L,L-R,1,unknown,joyboseroy/indus_decipher:indus_website
M-1735,S2325,Bull1:S,L-R,1,unknown,joyboseroy/indus_decipher:indus_website
M-1922,S2327,unknown,L-R,1,unknown,joyboseroy/indus_decipher:indus_website
M-1816,S2328,Bull1,L-R,1,unknown,joyboseroy/indus_decipher:indus_website
M-1822,S2329,Bull1:W,L-R,1,unknown,joyboseroy/indus_decipher:indus_website
M-1741,S2332,Bull1:S,L-R,1,unknown,joyboseroy/indus_decipher:indus_website
M-1671,S2335,Bull1:J,L-R,1,unknown,joyboseroy/indus_decipher:indus_website
M-1769,S2336,Bull1:S,L-R,1,unknown,joyboseroy/indus_decipher:indus_website
M-1885,S2337,Gaur,L-R,1,unknown,joyboseroy/indus_decipher:indus_website
M-1955,S2338,unknown,L-R,1,unknown,joyboseroy/indus_decipher:indus_website
M-1757,S2339,Bull1:S,L-R,1,unknown,joyboseroy/indus_decipher:indus_website
M-1854,S2340,Bull1,L-R,1,unknown,joyboseroy/indus_decipher:indus_website
M-1661,S2342,Bull1:W,L-R,1,unknown,joyboseroy/indus_decipher:indus_website
M-1790,S2343,Bull1:J,L-R,1,unknown,joyboseroy/indus_decipher:indus_website
M-1902,S2344,Zebu,L-R,1,unknown,joyboseroy/indus_decipher:indus_website
M-1804,S2345,Bull1:J,L-R,1,unknown,joyboseroy/indus_decipher:indus_website
M-1714,S2346,Bull1:U,L-R,1,unknown,joyboseroy/indus_decipher:indus_website
M-1817,S2347,Bull1:II,L-R,1,unknown,joyboseroy/indus_decipher:indus_website
M-1988,S2348,unknown,L-R,1,unknown,joyboseroy/indus_decipher:indus_website
M-1793,S2349,Bull1:L,L-R,1,unknown,joyboseroy/indus_decipher:indus_website
M-1899,S2350,Zebu,L-R,1,unknown,joyboseroy/indus_decipher:indus_website
M-1920,S2351,unknown,R-L,1,unknown,joyboseroy/indus_decipher:indus_website
M-2078,S2352,unknown,L-R,1,unknown,joyboseroy/indus_decipher:indus_website
M-1799,S2353,Bull1:S,L-R,1,unknown,joyboseroy/indus_decipher:indus_website
M-1770,S2354,Bull1:U,L-R,1,unknown,joyboseroy/indus_decipher:indus_website
M-1838,S2355,Bull1:I,L-R,1,unknown,joyboseroy/indus_decipher:indus_website
M-2098,S2356,unknown,L-R,1,unknown,joyboseroy/indus_decipher:indus_website
M-1693,S2359,Bull1,L-R,1,unknown,joyboseroy/indus_decipher:indus_website
M-1815,S2363,Bull1:I,L-R,1,unknown,joyboseroy/indus_decipher:indus_website
M-1893,S2364,Zebu,L-R,1,unknown,joyboseroy/indus_decipher:indus_website
M-1982,S2365,unknown,L-R,1,unknown,joyboseroy/indus_decipher:indus_website
M-1789,S2366,Bull1:I,L-R,1,unknown,joyboseroy/indus_decipher:indus_website
M-2020,S2367,unknown,L-R,1,unknown,joyboseroy/indus_decipher:indus_website
M-1740,S2372,Bull1:S,L-R,1,unknown,joyboseroy/indus_decipher:indus_website
M-1695,S2373,Bull1:J,L-R,1,unknown,joyboseroy/indus_decipher:indus_website
M-1759,S2375,Bull1:S,L-R,1,unknown,joyboseroy/indus_decipher:indus_website
M-707,S2377,Bull1:W,L-R,1,unknown,joyboseroy/indus_decipher:indus_website
M-1701,S2378,Bull1:W,L-R,1,unknown,joyboseroy/indus_decipher:indus_website
M-2026,S2380,Cros,L-R,1,unknown,joyboseroy/indus_decipher:indus_website
M-1686,S2381,Bull1:W,L-R,1,unknown,joyboseroy/indus_decipher:indus_website
M-2040,S2382,unknown,L-R,1,unknown,joyboseroy/indus_decipher:indus_website
M-1715,S2385,Bull1:J,L-R,1,unknown,joyboseroy/indus_decipher:indus_website
M-1729,S2386,Bull1:W,L-R,1,unknown,joyboseroy/indus_decipher:indus_website
M-1681,S2389,Bull1:W,L-R,1,unknown,joyboseroy/indus_decipher:indus_website
M-1707,S2390,Bull1:I,L-R,1,unknown,joyboseroy/indus_decipher:indus_website
M-1837,S2391,Bull1,L-R,1,unknown,joyboseroy/indus_decipher:indus_website
M-1745,S2393,Bull1:L,L-R,1,unknown,joyboseroy/indus_decipher:indus_website
M-2106,S2394,unknown,L-R,1,unknown,joyboseroy/indus_decipher:indus_website
M-1883,S2398,Gaur,L-R,1,unknown,joyboseroy/indus_decipher:indus_website
M-1680,S2401,Bull1:W,L-R,1,unknown,joyboseroy/indus_decipher:indus_website
M-1901,S2402,Zebu,L-R,1,unknown,joyboseroy/indus_decipher:indus_website
M-1690,S2403,Bull1:W,L-R,1,unknown,joyboseroy/indus_decipher:indus_website
M-1767,S2405,Bull1:W,L-R,1,unknown,joyboseroy/indus_decipher:indus_website
M-1980,S2406,unknown,L-R,1,unknown,joyboseroy/indus_decipher:indus_website
M-1888,S2407,Gaur,L-R,1,unknown,joyboseroy/indus_decipher:indus_website
M-2010,S2408,Bull1,L-R,1,unknown,joyboseroy/indus_decipher:indus_website
M-1911,S2409,Rhin,L-R,1,unknown,joyboseroy/indus_decipher:indus_website
M-1691,S2410,Bull1:L,L-R,1,unknown,joyboseroy/indus_decipher:indus_website
M-1725,S2411,Bull1:S,L-R,1,unknown,joyboseroy/indus_decipher:indus_website
M-1796,S2413,Bull1:J,L-R,1,unknown,joyboseroy/indus_decipher:indus_website
M-1910,S2414,Rhin,L-R,1,unknown,joyboseroy/indus_decipher:indus_website
M-1728,S2417,Bull1:W,L-R,1,unknown,joyboseroy/indus_decipher:indus_website
M-1844,S2418,Bull1:U,L-R,1,unknown,joyboseroy/indus_decipher:indus_website
M-1814,S2420,Bull1:S,L-R,1,unknown,joyboseroy/indus_decipher:indus_website
M-1954,S2422,unknown,L-R,1,unknown,joyboseroy/indus_decipher:indus_website
M-1732,S2423,Bull1:II,L-R,1,unknown,joyboseroy/indus_decipher:indus_website
M-1836,S2426,Bull1:I,L-R,1,unknown,joyboseroy/indus_decipher:indus_website
M-1768,S2427,Bull1:W,L-R,1,unknown,joyboseroy/indus_decipher:indus_website
M-1738,S2428,Bull1:S,L-R,1,unknown,joyboseroy/indus_decipher:indus_website
M-1731,S2429,Bull1:J,L-R,1,unknown,joyboseroy/indus_decipher:indus_website
M-1673,S2431,Bull1:W,L-R,1,unknown,joyboseroy/indus_decipher:indus_website
M-2014,S2432,Mult,L-R,1,unknown,joyboseroy/indus_decipher:indus_website
M-1719,S2434,Bull1:W,L-R,1,unknown,joyboseroy/indus_decipher:indus_website
M-1830,S2435,Bull1:X,L-R,1,unknown,joyboseroy/indus_decipher:indus_website
M-2024,S2436,unknown,L-R,1,unknown,joyboseroy/indus_decipher:indus_website
M-821,S2437,Bull1:S,L-R,1,unknown,joyboseroy/indus_decipher:indus_website
M-1887,S2439,Gaur,L-R,1,unknown,joyboseroy/indus_decipher:indus_website
M-1818,S2440,Bull1:W,L-R,1,unknown,joyboseroy/indus_decipher:indus_website
M-1912,S2441,Elep,L-R,1,unknown,joyboseroy/indus_decipher:indus_website
M-1771,S2442,Bull1:J,L-R,1,unknown,joyboseroy/indus_decipher:indus_website
M-1957,S2443,unknown,L-R,1,unknown,joyboseroy/indus_decipher:indus_website
M-1978,S2445,unknown,L-R,1,unknown,joyboseroy/indus_decipher:indus_website
M-1739,S2448,Bull1:S,L-R,1,unknown,joyboseroy/indus_decipher:indus_website
M-1964,S2449,unknown,L-R,1,unknown,joyboseroy/indus_decipher:indus_website
M-1750,S2450,Bull1:W,L-R,1,unknown,joyboseroy/indus_decipher:indus_website
M-1801,S2451,Bull1:L,L-R,1,unknown,joyboseroy/indus_decipher:indus_website
M-1915,S2452,Elep,L-R,1,unknown,joyboseroy/indus_decipher:indus_website
M-984,S2453,Bull1,L-R,1,unknown,joyboseroy/indus_decipher:indus_website
M-1831,S2454,Bull1:I,L-R,1,unknown,joyboseroy/indus_decipher:indus_website
M-1747,S2455,Bull1:S,L-R,1,unknown,joyboseroy/indus_decipher:indus_website
M-1752,S2457,Bull1:S,L-R,1,unknown,joyboseroy/indus_decipher:indus_website
M-1820,S2460,Bull1,L-R,1,unknown,joyboseroy/indus_decipher:indus_website
M-1853,S2461,Bull1:I,L-R,1,unknown,joyboseroy/indus_decipher:indus_website
M-1775,S2462,Bull1:W,L-R,1,unknown,joyboseroy/indus_decipher:indus_website
M-1834,S2463,Bull1:J,L-R,1,unknown,joyboseroy/indus_decipher:indus_website
M-595,S2464,Bull1:W,L-R,1,unknown,joyboseroy/indus_decipher:indus_website
M-1798,S2466,Bull1:W,L-R,1,unknown,joyboseroy/indus_decipher:indus_website
M-2108,S2467,unknown,L-R,1,unknown,joyboseroy/indus_decipher:indus_website
M-1781,S2468,Bull1:W,L-R,1,unknown,joyboseroy/indus_decipher:indus_website
M-1972,S2470,unknown,L-R,1,unknown,joyboseroy/indus_decipher:indus_website
M-1903,S2471,Buff,L-R,1,unknown,joyboseroy/indus_decipher:indus_website
M-1983,S2472,unknown,L-R,1,unknown,joyboseroy/indus_decipher:indus_website
M-1665,S2473,Bull1:W,L-R,1,unknown,joyboseroy/indus_decipher:indus_website
M-2107,S2474,unknown,L-R,1,unknown,joyboseroy/indus_decipher:indus_website
M-1841,S2475,Bull1:J,L-R,1,unknown,joyboseroy/indus_decipher:indus_website
M-1845,S2476,Bull1:S,L-R,1,unknown,joyboseroy/indus_decipher:indus_website
M-1906,S2478,Rhin,L-R,1,unknown,joyboseroy/indus_decipher:indus_website
M-1774,S2479,Bull1:U,L-R,1,unknown,joyboseroy/indus_decipher:indus_website
M-1985,S2480,unknown,L-R,1,unknown,joyboseroy/indus_decipher:indus_website
M-1907,S2482,Rhin,L-R,1,unknown,joyboseroy/indus_decipher:indus_website
M-1720,S2484,Bull1:W,L-R,1,unknown,joyboseroy/indus_decipher:indus_website
M-1687,S2485,Bull1:S,L-R,1,unknown,joyboseroy/indus_decipher:indus_website
M-1723,S2486,Bull1:W,L-R,1,unknown,joyboseroy/indus_decipher:indus_website
M-1855,S2487,Bull1,L-R,1,unknown,joyboseroy/indus_decipher:indus_website
M-1667,S2490,Bull1:W,L-R,1,unknown,joyboseroy/indus_decipher:indus_website
M-709,S2493,Bull1:W,L-R,1,unknown,joyboseroy/indus_decipher:indus_website
M-1780,S2495,Bull1:I,L-R,1,unknown,joyboseroy/indus_decipher:indus_website
M-1908,S2498,Rhin,L-R,1,unknown,joyboseroy/indus_decipher:indus_website
M-1813,S2499,Bull1:U,L-R,1,unknown,joyboseroy/indus_decipher:indus_website
M-1716,S2506,Bull1:W,L-R,1,unknown,joyboseroy/indus_decipher:indus_website
M-1730,S2507,Bull1:S,L-R,1,unknown,joyboseroy/indus_decipher:indus_website
M-1833,S2509,Bull1:S,L-R,1,unknown,joyboseroy/indus_decipher:indus_website
M-1826,S2512,Bull1:W,L-R,1,unknown,joyboseroy/indus_decipher:indus_website
M-1776,S2513,Bull1:U,L-R,1,unknown,joyboseroy/indus_decipher:indus_website
M-1797,S2514,Bull1:W,L-R,1,unknown,joyboseroy/indus_decipher:indus_website
M-1672,S2516,Bull1:W,L-R,1,unknown,joyboseroy/indus_decipher:indus_website
M-1700,S2517,Bull1:W,L-R,1,unknown,joyboseroy/indus_decipher:indus_website
M-1785,S2521,Bull1:L,L-R,1,unknown,joyboseroy/indus_decipher:indus_website
M-1703,S2524,Bull1:W,L-R,1,unknown,joyboseroy/indus_decipher:indus_website
M-1514,S2525,unknown,L-R,1,unknown,joyboseroy/indus_decipher:indus_website
M-2104,S2527,unknown,L-R,1,unknown,joyboseroy/indus_decipher:indus_website
M-1961,S2528,unknown,L-R,1,unknown,joyboseroy/indus_decipher:indus_website
M-2088,S2530,unknown,L-R,1,unknown,joyboseroy/indus_decipher:indus_website
M-1,S2531,Bull1:W,L-R,1,unknown,joyboseroy/indus_decipher:indus_website
M-3,S2532,Bull1:W,L-R,1,unknown,joyboseroy/indus_decipher:indus_website
M-4,S2533,Bull1:W,L-R,1,unknown,joyboseroy/indus_decipher:indus_website
M-5,S2534,Bull1:W,L-R,1,unknown,joyboseroy/indus_decipher:indus_website
M-6,S2535,Bull1:W,L-R,1,unknown,joyboseroy/indus_decipher:indus_website
M-7,S2536,Bull1:W,L-R,1,unknown,joyboseroy/indus_decipher:indus_website
M-8,S2537,Bull1:W,L-R,1,unknown,joyboseroy/indus_decipher:indus_website
M-9,S2538,Bull1:W,L-R,1,unknown,joyboseroy/indus_decipher:indus_website
M-10,S2539,Bull1:W,L-R,1,unknown,joyboseroy/indus_decipher:indus_website
M-12,S2540,Bull1:W,L-R,1,unknown,joyboseroy/indus_decipher:indus_website
M-13,S2541,Bull1:W,L-R,1,unknown,joyboseroy/indus_decipher:indus_website
M-14,S2542,Bull1:W,L-R,1,unknown,joyboseroy/indus_decipher:indus_website
M-15,S2543,Bull1:W,L-R,1,unknown,joyboseroy/indus_decipher:indus_website
M-16,S2544,Bull1:W,L-R,1,unknown,joyboseroy/indus_decipher:indus_website
M-17,S2545,Bull1:W,L-R,1,unknown,joyboseroy/indus_decipher:indus_website
M-18,S2546,Bull1:W,L-R,1,unknown,joyboseroy/indus_decipher:indus_website
M-20,S2548,Bull1:W,L-R,1,unknown,joyboseroy/indus_decipher:indus_website
M-21,S2549,Bull1:W,L-R,1,unknown,joyboseroy/indus_decipher:indus_website
M-23,S2551,Bull1:W,L-R,1,unknown,joyboseroy/indus_decipher:indus_website
M-24,S2552,Bull1:W,L-R,1,unknown,joyboseroy/indus_decipher:indus_website
M-25,S2553,Bull1:J,L-R,1,unknown,joyboseroy/indus_decipher:indus_website
M-26,S2554,Bull1:J,L-R,1,unknown,joyboseroy/indus_decipher:indus_website
M-28,S2556,Bull1:W,L-R,1,unknown,joyboseroy/indus_decipher:indus_website
M-29,S2557,Bull1:W,L-R,1,unknown,joyboseroy/indus_decipher:indus_website
M-30,S2558,Bull1:W,L-R,1,unknown,joyboseroy/indus_decipher:indus_website
M-31,S2559,Bull1:W,L-R,1,unknown,joyboseroy/indus_decipher:indus_website
M-32,S2560,Bull1:J,L-R,1,unknown,joyboseroy/indus_decipher:indus_website
M-33,S2561,Bull1:W,L-R,1,unknown,joyboseroy/indus_decipher:indus_website
M-34,S2562,Bull1:W,L-R,1,unknown,joyboseroy/indus_decipher:indus_website
M-35,S2563,Bull1:W,L-R,1,unknown,joyboseroy/indus_decipher:indus_website
M-36,S2564,Bull1:S,L-R,1,unknown,joyboseroy/indus_decipher:indus_website
M-37,S2565,Bull1:S,L-R,1,unknown,joyboseroy/indus_decipher:indus_website
M-38,S2566,Bull1:J,L-R,1,unknown,joyboseroy/indus_decipher:indus_website
M-40,S2568,Bull1:J,L-R,1,unknown,joyboseroy/indus_decipher:indus_website
M-41,S2569,Bull1:W,L-R,1,unknown,joyboseroy/indus_decipher:indus_website
M-42,S2570,Bull1:S,L-R,1,unknown,joyboseroy/indus_decipher:indus_website
M-43,S2571,Bull1:W,L-R,1,unknown,joyboseroy/indus_decipher:indus_website
M-44,S2572,Bull1:W,L-R,1,unknown,joyboseroy/indus_decipher:indus_website
M-45,S2573,Bull1:W,L-R,1,unknown,joyboseroy/indus_decipher:indus_website
M-46,S2574,Bull1:W,L-R,1,unknown,joyboseroy/indus_decipher:indus_website
M-47,S2575,Bull1:J,L-R,1,unknown,joyboseroy/indus_decipher:indus_website
M-48,S2576,Bull1:J,L-R,1,unknown,joyboseroy/indus_decipher:indus_website
M-49,S2577,Bull1:W,L-R,1,unknown,joyboseroy/indus_decipher:indus_website
M-50,S2578,Bull1:W,L-R,1,unknown,joyboseroy/indus_decipher:indus_website
M-51,S2579,Bull1:J,L-R,1,unknown,joyboseroy/indus_decipher:indus_website
M-52,S2580,Bull1:W,L-R,1,unknown,joyboseroy/indus_decipher:indus_website
M-53,S2581,Bull1:W,L-R,1,unknown,joyboseroy/indus_decipher:indus_website
M-54,S2582,Bull1:W,L-R,1,unknown,joyboseroy/indus_decipher:indus_website
M-56,S2584,Bull1:W,L-R,1,unknown,joyboseroy/indus_decipher:indus_website
M-57,S2585,Bull1:W,L-R,1,unknown,joyboseroy/indus_decipher:indus_website
M-58,S2586,Bull1:W,L-R,1,unknown,joyboseroy/indus_decipher:indus_website
M-59,S2587,Bull1:W,L-R,1,unknown,joyboseroy/indus_decipher:indus_website
M-63,S2591,Bull1:J,L-R,1,unknown,joyboseroy/indus_decipher:indus_website
M-64,S2592,Bull1:W,L-R,1,unknown,joyboseroy/indus_decipher:indus_website
M-65,S2593,Bull1:W,L-R,1,unknown,joyboseroy/indus_decipher:indus_website
M-67,S2595,Bull1:W,L-R,1,unknown,joyboseroy/indus_decipher:indus_website
M-68,S2596,Bull1:J,L-R,1,unknown,joyboseroy/indus_decipher:indus_website
M-69,S2597,Bull1:I,L-R,1,unknown,joyboseroy/indus_decipher:indus_website
M-70,S2598,Bull1:T,L-R,1,unknown,joyboseroy/indus_decipher:indus_website
M-71,S2599,Bull1:J,L-R,1,unknown,joyboseroy/indus_decipher:indus_website
M-72,S2600,Bull1:V,L-R,1,unknown,joyboseroy/indus_decipher:indus_website
M-73,S2601,Bull1:W,L-R,1,unknown,joyboseroy/indus_decipher:indus_website
M-74,S2602,Bull1:U,L-R,1,unknown,joyboseroy/indus_decipher:indus_website
M-75,S2603,Bull1:W,L-R,1,unknown,joyboseroy/indus_decipher:indus_website
M-77,S2604,Bull1:W,L-R,1,unknown,joyboseroy/indus_decipher:indus_website
M-78,S2605,Bull1:S,L-R,1,unknown,joyboseroy/indus_decipher:indus_website
M-79,S2606,Bull1:J,L-R,1,unknown,joyboseroy/indus_decipher:indus_website
M-80,S2607,Bull1:J,L-R,1,unknown,joyboseroy/indus_decipher:indus_website
M-81,S2608,Bull1:S,L-R,1,unknown,joyboseroy/indus_decipher:indus_website
M-82,S2609,Bull1:I,L-R,1,unknown,joyboseroy/indus_decipher:indus_website
M-83,S2610,Bull1:W,L-R,1,unknown,joyboseroy/indus_decipher:indus_website
M-84,S2611,Bull1:W,L-R,1,unknown,joyboseroy/indus_decipher:indus_website
M-85,S2612,Bull1:W,L-R,1,unknown,joyboseroy/indus_decipher:indus_website
M-86,S2613,Bull1:S,L-R,1,unknown,joyboseroy/indus_decipher:indus_website
M-87,S2614,Bull1:S,L-R,1,unknown,joyboseroy/indus_decipher:indus_website
M-88,S2615,Bull1:J,L-R,1,unknown,joyboseroy/indus_decipher:indus_website
M-89,S2616,Bull1:J,L-R,1,unknown,joyboseroy/indus_decipher:indus_website
M-90,S2617,Bull1:J,L-R,1,unknown,joyboseroy/indus_decipher:indus_website
M-91,S2618,Bull1:S,L-R,1,unknown,joyboseroy/indus_decipher:indus_website
M-92,S2619,Bull1:S,L-R,1,unknown,joyboseroy/indus_decipher:indus_website
M-93,S2620,Bull1:J,L-R,1,unknown,joyboseroy/indus_decipher:indus_website
M-94,S2621,Bull1:S,L-R,1,unknown,joyboseroy/indus_decipher:indus_website
M-95,S2622,Bull1:S,L-R,1,unknown,joyboseroy/indus_decipher:indus_website
M-96,S2623,Bull1:J,L-R,1,unknown,joyboseroy/indus_decipher:indus_website
M-97,S2624,Bull1:J,L-R,1,unknown,joyboseroy/indus_decipher:indus_website
M-98,S2625,Bull1:J,L-R,1,unknown,joyboseroy/indus_decipher:indus_website
M-99,S2626,Bull1:S,L-R,1,unknown,joyboseroy/indus_decipher:indus_website
M-100,S2627,Bull1:S,L-R,1,unknown,joyboseroy/indus_decipher:indus_website
M-101,S2628,Bull1:J,L-R,1,unknown,joyboseroy/indus_decipher:indus_website
M-102,S2629,Bull1:J,L-R,1,unknown,joyboseroy/indus_decipher:indus_website
M-103,S2630,Bull1:W,L-R,1,unknown,joyboseroy/indus_decipher:indus_website
M-104,S2631,Bull1:J,L-R,1,unknown,joyboseroy/indus_decipher:indus_website
M-107,S2634,Bull1:S,L-R,1,unknown,joyboseroy/indus_decipher:indus_website
M-108,S2635,Bull1:S,L-R,1,unknown,joyboseroy/indus_decipher:indus_website
M-109,S2636,Bull1:S,L-R,1,unknown,joyboseroy/indus_decipher:indus_website
M-111,S2638,Bull1:J,L-R,1,unknown,joyboseroy/indus_decipher:indus_website
M-112,S2639,Bull1:J,L-R,1,unknown,joyboseroy/indus_decipher:indus_website
M-113,S2640,Bull1:J,L-R,1,unknown,joyboseroy/indus_decipher:indus_website
M-114,S2641,Bull1:S,L-R,1,unknown,joyboseroy/indus_decipher:indus_website
M-115,S2642,Bull1,L-R,1,unknown,joyboseroy/indus_decipher:indus_website
M-116,S2643,Bull1:I,L-R,1,unknown,joyboseroy/indus_decipher:indus_website
M-117,S2644,Bull1:S,L-R,1,unknown,joyboseroy/indus_decipher:indus_website
M-118,S2645,Bull1:W,L-R,1,unknown,joyboseroy/indus_decipher:indus_website
M-119,S2646,Bull1:S,L-R,1,unknown,joyboseroy/indus_decipher:indus_website
M-120,S2647,Bull1:S,L-R,1,unknown,joyboseroy/indus_decipher:indus_website
M-121,S2648,Bull1:W,L-R,1,unknown,joyboseroy/indus_decipher:indus_website
M-122,S2649,Bull1:J,L-R,1,unknown,joyboseroy/indus_decipher:indus_website
M-123,S2650,Bull1:W,L-R,1,unknown,joyboseroy/indus_decipher:indus_website
M-124,S2651,Bull1:W,L-R,1,unknown,joyboseroy/indus_decipher:indus_website
M-126,S2653,Bull1:U,L-R,1,unknown,joyboseroy/indus_decipher:indus_website
M-127,S2654,Bull1:J,L-R,1,unknown,joyboseroy/indus_decipher:indus_website
M-128,S2655,Bull1:J,L-R,1,unknown,joyboseroy/indus_decipher:indus_website
M-129,S2656,Bull1:W,L-R,1,unknown,joyboseroy/indus_decipher:indus_website
M-130,S2657,Bull1:J,L-R,1,unknown,joyboseroy/indus_decipher:indus_website
M-131,S2658,Bull1:W,L-R,1,unknown,joyboseroy/indus_decipher:indus_website
M-132,S2659,Bull1:W,L-R,1,unknown,joyboseroy/indus_decipher:indus_website
M-133,S2660,Bull1:W,L-R,1,unknown,joyboseroy/indus_decipher:indus_website
M-134,S2661,Bull1:W,L-R,1,unknown,joyboseroy/indus_decipher:indus_website
M-135,S2662,Bull1:J,L-R,1,unknown,joyboseroy/indus_decipher:indus_website
M-136,S2663,Bull1:S,L-R,1,unknown,joyboseroy/indus_decipher:indus_website
M-138,S2665,Bull1:J,L-R,1,unknown,joyboseroy/indus_decipher:indus_website
M-139,S2666,Bull1:J,L-R,1,unknown,joyboseroy/indus_decipher:indus_website
M-140,S2667,Bull1:S,L-R,1,unknown,joyboseroy/indus_decipher:indus_website
M-142,S2669,Bull1:J,L-R,1,unknown,joyboseroy/indus_decipher:indus_website
M-143,S2670,Bull1:J,L-R,1,unknown,joyboseroy/indus_decipher:indus_website
M-144,S2671,Bull1:J,L-R,1,unknown,joyboseroy/indus_decipher:indus_website
M-145,S2672,Bull1:U,L-R,1,unknown,joyboseroy/indus_decipher:indus_website
M-146,S2673,Bull1:J,L-R,1,unknown,joyboseroy/indus_decipher:indus_website
M-147,S2674,Bull1:J,L-R,1,unknown,joyboseroy/indus_decipher:indus_website
M-148,S2675,Bull1:J,L-R,1,unknown,joyboseroy/indus_decipher:indus_website
M-149,S2676,Bull1:J,L-R,1,unknown,joyboseroy/indus_decipher:indus_website
M-150,S2677,Bull1:J,L-R,1,unknown,joyboseroy/indus_decipher:indus_website
M-151,S2678,Bull1:J,L-R,1,unknown,joyboseroy/indus_decipher:indus_website
M-152,S2679,Bull1:J,L-R,1,unknown,joyboseroy/indus_decipher:indus_website
M-153,S2680,Bull1:J,L-R,1,unknown,joyboseroy/indus_decipher:indus_website
M-154,S2681,Bull1:J,L-R,1,unknown,joyboseroy/indus_decipher:indus_website
M-155,S2682,Bull1:J,L-R,1,unknown,joyboseroy/indus_decipher:indus_website
M-157,S2683,Bull1:J,L-R,1,unknown,joyboseroy/indus_decipher:indus_website
M-158,S2684,Bull1:I,L-R,1,unknown,joyboseroy/indus_decipher:indus_website
M-159,S2685,Bull1:S,L-R,1,unknown,joyboseroy/indus_decipher:indus_website
M-160,S2686,Bull1:W,L-R,1,unknown,joyboseroy/indus_decipher:indus_website
M-161,S2687,Bull1:V,L-R,1,unknown,joyboseroy/indus_decipher:indus_website
M-162,S2688,Bull1:X,L-R,1,unknown,joyboseroy/indus_decipher:indus_website
M-163,S2689,Bull1:J,L-R,1,unknown,joyboseroy/indus_decipher:indus_website
M-164,S2690,Bull1:X,L-R,1,unknown,joyboseroy/indus_decipher:indus_website
M-166,S2691,Bull1:I,L-R,1,unknown,joyboseroy/indus_decipher:indus_website
M-170,S2695,Bull1:W,L-R,1,unknown,joyboseroy/indus_decipher:indus_website
M-171,S2696,Bull1:W,L-R,1,unknown,joyboseroy/indus_decipher:indus_website
M-172,S2697,Bull1:W,L-R,1,unknown,joyboseroy/indus_decipher:indus_website
M-173,S2698,Bull1:W,L-R,1,unknown,joyboseroy/indus_decipher:indus_website
M-174,S2699,Bull1:T,L-R,1,unknown,joyboseroy/indus_decipher:indus_website
M-176,S2701,Bull1:J,L-R,1,unknown,joyboseroy/indus_decipher:indus_website
M-177,S2702,Bull1:S,L-R,1,unknown,joyboseroy/indus_decipher:indus_website
M-178,S2704,Bull1:L,L-R,1,unknown,joyboseroy/indus_decipher:indus_website
M-179,S2705,Bull1:S,L-R,1,unknown,joyboseroy/indus_decipher:indus_website
M-180,S2706,Bull1:J,L-R,1,unknown,joyboseroy/indus_decipher:indus_website
M-181,S2707,Bull1:J,L-R,1,unknown,joyboseroy/indus_decipher:indus_website
M-183,S2708,Bull1:S,L-R,1,unknown,joyboseroy/indus_decipher:indus_website
M-184,S2709,Bull1:J,L-R,1,unknown,joyboseroy/indus_decipher:indus_website
M-185,S2710,Bull1:L,L-R,1,unknown,joyboseroy/indus_decipher:indus_website
M-186,S2711,Bull1:J,L-R,1,unknown,joyboseroy/indus_decipher:indus_website
M-187,S2712,Bull1:S,L-R,1,unknown,joyboseroy/indus_decipher:indus_website
M-188,S2713,Bull1:S,L-R,1,unknown,joyboseroy/indus_decipher:indus_website
M-189,S2714,Bull1:J,L-R,1,unknown,joyboseroy/indus_decipher:indus_website
M-190,S2715,Bull1:W,L-R,1,unknown,joyboseroy/indus_decipher:indus_website
M-191,S2716,Bull1:L,L-R,1,unknown,joyboseroy/indus_decipher:indus_website
M-192,S2717,Bull1:S,L-R,1,unknown,joyboseroy/indus_decipher:indus_website
M-193,S2718,Bull1:W,L-R,1,unknown,joyboseroy/indus_decipher:indus_website
M-194,S2719,Bull1:S,L-R,1,unknown,joyboseroy/indus_decipher:indus_website
M-195,S2720,Bull1:W,L-R,1,unknown,joyboseroy/indus_decipher:indus_website
M-196,S2721,Bull1:U,L-R,1,unknown,joyboseroy/indus_decipher:indus_website
M-197,S2722,Bull1:L,L-R,1,unknown,joyboseroy/indus_decipher:indus_website
M-198,S2723,Bull1:W,L-R,1,unknown,joyboseroy/indus_decipher:indus_website
M-199,S2724,Bull1:S,L-R,1,unknown,joyboseroy/indus_decipher:indus_website
M-200,S2725,Bull1:J,L-R,1,unknown,joyboseroy/indus_decipher:indus_website
M-201,S2726,Bull1:W,L-R,1,unknown,joyboseroy/indus_decipher:indus_website
M-202,S2727,Bull1:U,L-R,1,unknown,joyboseroy/indus_decipher:indus_website
M-203,S2728,Bull1:J,L-R,1,unknown,joyboseroy/indus_decipher:indus_website
M-204,S2729,Bull1:S,L-R,1,unknown,joyboseroy/indus_decipher:indus_website
M-205,S2730,Bull1:L,L-R,1,unknown,joyboseroy/indus_decipher:indus_website
M-207,S2731,Bull1:J,L-R,1,unknown,joyboseroy/indus_decipher:indus_website
M-208,S2732,Bull1:J,L-R,1,unknown,joyboseroy/indus_decipher:indus_website
M-209,S2733,Bull1:J,L-R,1,unknown,joyboseroy/indus_decipher:indus_website
M-210,S2734,Bull1:J,L-R,1,unknown,joyboseroy/indus_decipher:indus_website
M-211,S2735,Bull1:S,L-R,1,unknown,joyboseroy/indus_decipher:indus_website
M-212,S2736,Bull1:S,L-R,1,unknown,joyboseroy/indus_decipher:indus_website
M-213,S2737,Bull1:J,L-R,1,unknown,joyboseroy/indus_decipher:indus_website
M-214,S2738,Bull1:I,L-R,1,unknown,joyboseroy/indus_decipher:indus_website
M-215,S2739,Bull1:I,L-R,1,unknown,joyboseroy/indus_decipher:indus_website
M-216,S2740,Bull1:U,L-R,1,unknown,joyboseroy/indus_decipher:indus_website
M-217,S2741,Bull1,L-R,1,unknown,joyboseroy/indus_decipher:indus_website
M-218,S2742,Bull1:J,L-R,1,unknown,joyboseroy/indus_decipher:indus_website
M-219,S2743,Bull1:S,L-R,1,unknown,joyboseroy/indus_decipher:indus_website
M-221,S2745,Bull1:I,L-R,1,unknown,joyboseroy/indus_decipher:indus_website
M-222,S2746,Bull1:S,L-R,1,unknown,joyboseroy/indus_decipher:indus_website
M-223,S2747,Bull1:S,R-L,1,unknown,joyboseroy/indus_decipher:indus_website
M-224,S2748,Bull1:W,L-R,1,unknown,joyboseroy/indus_decipher:indus_website
M-225,S2749,Bull1:S,L-R,1,unknown,joyboseroy/indus_decipher:indus_website
M-226,S2750,Bull1:S,L-R,1,unknown,joyboseroy/indus_decipher:indus_website
M-228,S2752,Bull1:J,L-R,1,unknown,joyboseroy/indus_decipher:indus_website
M-229,S2753,Bull1:J,L-R,1,unknown,joyboseroy/indus_decipher:indus_website
M-230,S2754,Bull1:I,L-R,1,unknown,joyboseroy/indus_decipher:indus_website
M-231,S2755,Bull1:I,L-R,1,unknown,joyboseroy/indus_decipher:indus_website
M-232,S2756,Bull2,L-R,1,unknown,joyboseroy/indus_decipher:indus_website
M-234,S2757,Gaur,L-R,1,unknown,joyboseroy/indus_decipher:indus_website
M-236,S2759,Gaur,L-R,1,unknown,joyboseroy/indus_decipher:indus_website
M-238,S2761,Gaur,L-R,1,unknown,joyboseroy/indus_decipher:indus_website
M-239,S2762,Gaur,L-R,1,unknown,joyboseroy/indus_decipher:indus_website
M-240,S2763,Gaur,L-R,1,unknown,joyboseroy/indus_decipher:indus_website
M-241,S2764,Gaur,L-R,1,unknown,joyboseroy/indus_decipher:indus_website
M-242,S2765,Gaur,L-R,1,unknown,joyboseroy/indus_decipher:indus_website
M-243,S2766,Gaur,L-R,1,unknown,joyboseroy/indus_decipher:indus_website
M-245,S2768,Gaur,L-R,1,unknown,joyboseroy/indus_decipher:indus_website
M-246,S2769,Gaur,L-R,1,unknown,joyboseroy/indus_decipher:indus_website
M-247,S2770,Gaur,L-R,1,unknown,joyboseroy/indus_decipher:indus_website
M-248,S2771,Gaur,L-R,1,unknown,joyboseroy/indus_decipher:indus_website
M-249,S2772,Gaur,L-R,1,unknown,joyboseroy/indus_decipher:indus_website
M-250,S2773,Gaur,L-R,1,unknown,joyboseroy/indus_decipher:indus_website
M-251,S2774,Gaur,L-R,1,unknown,joyboseroy/indus_decipher:indus_website
M-252,S2775,Gaur,L-R,1,unknown,joyboseroy/indus_decipher:indus_website
M-253,S2776,Gaur,L-R,1,unknown,joyboseroy/indus_decipher:indus_website
M-254,S2777,Gaur,L-R,1,unknown,joyboseroy/indus_decipher:indus_website
M-255,S2778,Gaur,L-R,1,unknown,joyboseroy/indus_decipher:indus_website
M-256,S2779,Zebu,L-R,1,unknown,joyboseroy/indus_decipher:indus_website
M-257,S2780,Zebu,L-R,1,unknown,joyboseroy/indus_decipher:indus_website
M-258,S2781,Zebu,L-R,1,unknown,joyboseroy/indus_decipher:indus_website
M-259,S2782,Zebu,L-R,1,unknown,joyboseroy/indus_decipher:indus_website
M-260,S2783,Zebu,L-R,1,unknown,joyboseroy/indus_decipher:indus_website
M-261,S2784,Zebu,L-R,1,unknown,joyboseroy/indus_decipher:indus_website
M-263,S2786,Zebu,L-R,1,unknown,joyboseroy/indus_decipher:indus_website
M-264,S2787,Zebu,L-R,1,unknown,joyboseroy/indus_decipher:indus_website
M-265,S2788,Zebu,L-R,1,unknown,joyboseroy/indus_decipher:indus_website
M-266,S2789,Buff,L-R,1,unknown,joyboseroy/indus_decipher:indus_website
M-267,S2790,Buff,L-R,1,unknown,joyboseroy/indus_decipher:indus_website
M-268,S2791,Buff,L-R,1,unknown,joyboseroy/indus_decipher:indus_website
M-269,S2792,Buff,L-R,1,unknown,joyboseroy/indus_decipher:indus_website
M-272,S2793,Goat:6,L-R,1,unknown,joyboseroy/indus_decipher:indus_website
M-274,S2795,Rhin,L-R,1,unknown,joyboseroy/indus_decipher:indus_website
M-275,S2796,Rhin,L-R,1,unknown,joyboseroy/indus_decipher:indus_website
M-276,S2797,Rhin,L-R,1,unknown,joyboseroy/indus_decipher:indus_website
M-278,S2799,Elep,L-R,1,unknown,joyboseroy/indus_decipher:indus_website
M-280,S2801,Elep,L-R,1,unknown,joyboseroy/indus_decipher:indus_website
M-281,S2802,Elep,L-R,1,unknown,joyboseroy/indus_decipher:indus_website
M-282,S2803,Elep,L-R,1,unknown,joyboseroy/indus_decipher:indus_website
M-283,S2804,Elep,L-R,1,unknown,joyboseroy/indus_decipher:indus_website
M-285,S2806,Elep,L-R,1,unknown,joyboseroy/indus_decipher:indus_website
M-286,S2807,Elep,L-R,1,unknown,joyboseroy/indus_decipher:indus_website
M-288,S2808,Tigr,L-R,1,unknown,joyboseroy/indus_decipher:indus_website
M-289,S2809,Tigr,L-R,1,unknown,joyboseroy/indus_decipher:indus_website
M-290,S2810,Tigr,L-R,1,unknown,joyboseroy/indus_decipher:indus_website
M-291,S2811,Othr,L-R,1,unknown,joyboseroy/indus_decipher:indus_website
M-292,S2812,Gavi,L-R,1,unknown,joyboseroy/indus_decipher:indus_website
M-293,S2813,Gavi,L-R,1,unknown,joyboseroy/indus_decipher:indus_website
M-294,S2814,Scene,L-R,1,unknown,joyboseroy/indus_decipher:indus_website
M-295,S2815,Comp,L-R,1,unknown,joyboseroy/indus_decipher:indus_website
M-296,S2816,Othr,L-R,1,unknown,joyboseroy/indus_decipher:indus_website
M-297,S2817,Othr,L-R,1,unknown,joyboseroy/indus_decipher:indus_website
M-300,S2819,CompBull,L-R,1,unknown,joyboseroy/indus_decipher:indus_website
M-301,S2820,CompBull,L-R,1,unknown,joyboseroy/indus_decipher:indus_website
M-302,S2821,CompBull,L-R,1,unknown,joyboseroy/indus_decipher:indus_website
M-303,S2822,CompBull,L-R,1,unknown,joyboseroy/indus_decipher:indus_website
M-304,S2823,Scene,L-R,1,unknown,joyboseroy/indus_decipher:indus_website
M-306,S2825,T-M-T,L-R,1,unknown,joyboseroy/indus_decipher:indus_website
M-307,S2826,T-M-T,L-R,1,unknown,joyboseroy/indus_decipher:indus_website
M-308,S2827,T-M-T,L-R,1,unknown,joyboseroy/indus_decipher:indus_website
M-309,S2828,T-A-T,L-R,1,unknown,joyboseroy/indus_decipher:indus_website
M-310,S2829,T-A-T,L-R,1,unknown,joyboseroy/indus_decipher:indus_website
M-311,S2830,Comp,L-R,1,unknown,joyboseroy/indus_decipher:indus_website
M-314,S2832,unknown,L-R,1,unknown,joyboseroy/indus_decipher:indus_website
M-315,S2833,unknown,L-R,1,unknown,joyboseroy/indus_decipher:indus_website
M-316,S2834,unknown,R-L,1,unknown,joyboseroy/indus_decipher:indus_website
M-317,S2835,Bull1,L-R,1,unknown,joyboseroy/indus_decipher:indus_website
M-318,S2836,Zebu,L-R,1,unknown,joyboseroy/indus_decipher:indus_website
M-319,S2837,Tigr,L-R,1,unknown,joyboseroy/indus_decipher:indus_website
M-320,S2838,Bull1:W,L-R,1,unknown,joyboseroy/indus_decipher:indus_website
M-321,S2839,Bull1:J,L-R,1,unknown,joyboseroy/indus_decipher:indus_website
M-322,S2840,Bull1:J,L-R,1,unknown,joyboseroy/indus_decipher:indus_website
M-323,S2841,Bull1:L,L-R,1,unknown,joyboseroy/indus_decipher:indus_website
M-324,S2842,Mult,L-R,1,unknown,joyboseroy/indus_decipher:indus_website
M-325,S2843,Bull1:L,L-R,1,unknown,joyboseroy/indus_decipher:indus_website
M-326,S2844,Bull1:S,L-R,1,unknown,joyboseroy/indus_decipher:indus_website
M-327,S2845,Bull1:J,L-R,1,unknown,joyboseroy/indus_decipher:indus_website
M-328,S2846,Zebu,L-R,1,unknown,joyboseroy/indus_decipher:indus_website
M-329,S2847,unknown,L-R,1,unknown,joyboseroy/indus_decipher:indus_website
M-330,S2848,unknown,L-R,1,unknown,joyboseroy/indus_decipher:indus_website
M-354,S2850,unknown,L-R,1,unknown,joyboseroy/indus_decipher:indus_website
M-355,S2851,unknown,L-R,1,unknown,joyboseroy/indus_decipher:indus_website
M-356,S2852,unknown,L-R,1,unknown,joyboseroy/indus_decipher:indus_website
M-357,S2853,unknown,L-R,1,unknown,joyboseroy/indus_decipher:indus_website
M-358,S2854,unknown,L-R,1,unknown,joyboseroy/indus_decipher:indus_website
M-359,S2855,unknown,L-R,1,unknown,joyboseroy/indus_decipher:indus_website
M-360,S2856,unknown,L-R,1,unknown,joyboseroy/indus_decipher:indus_website
M-361,S2857,unknown,L-R,1,unknown,joyboseroy/indus_decipher:indus_website
M-362,S2858,unknown,L-R,1,unknown,joyboseroy/indus_decipher:indus_website
M-363,S2859,unknown,L-R,1,unknown,joyboseroy/indus_decipher:indus_website
M-364,S2860,unknown,L-R,1,unknown,joyboseroy/indus_decipher:indus_website
M-365,S2861,unknown,L-R,1,unknown,joyboseroy/indus_decipher:indus_website
M-366,S2862,unknown,L-R,1,unknown,joyboseroy/indus_decipher:indus_website
M-369,S2865,unknown,L-R,1,unknown,joyboseroy/indus_decipher:indus_website
M-370,S2866,unknown,L-R,1,unknown,joyboseroy/indus_decipher:indus_website
M-371,S2867,unknown,L-R,1,unknown,joyboseroy/indus_decipher:indus_website
M-372,S2868,unknown,L-R,1,unknown,joyboseroy/indus_decipher:indus_website
M-374,S2870,unknown,L-R,1,unknown,joyboseroy/indus_decipher:indus_website
M-375,S2871,unknown,L-R,1,unknown,joyboseroy/indus_decipher:indus_website
M-376,S2872,unknown,L-R,1,unknown,joyboseroy/indus_decipher:indus_website
M-377,S2873,unknown,L-R,1,unknown,joyboseroy/indus_decipher:indus_website
M-378,S2874,unknown,L-R,1,unknown,joyboseroy/indus_decipher:indus_website
M-379,S2875,unknown,L-R,1,unknown,joyboseroy/indus_decipher:indus_website
M-380,S2876,unknown,L-R,1,unknown,joyboseroy/indus_decipher:indus_website
M-381,S2877,unknown,L-R,1,unknown,joyboseroy/indus_decipher:indus_website
M-382,S2878,unknown,L-R,1,unknown,joyboseroy/indus_decipher:indus_website
M-383,S2879,unknown,L-R,1,unknown,joyboseroy/indus_decipher:indus_website
M-384,S2880,unknown,L-R,1,unknown,joyboseroy/indus_decipher:indus_website
M-385,S2881,unknown,L-R,1,unknown,joyboseroy/indus_decipher:indus_website
M-386,S2882,unknown,L-R,1,unknown,joyboseroy/indus_decipher:indus_website
M-387,S2883,unknown,L-R,1,unknown,joyboseroy/indus_decipher:indus_website
M-388,S2884,unknown,L-R,1,unknown,joyboseroy/indus_decipher:indus_website
M-389,S2885,unknown,L-R,1,unknown,joyboseroy/indus_decipher:indus_website
M-390,S2886,unknown,L-R,1,unknown,joyboseroy/indus_decipher:indus_website
M-391,S2887,unknown,L-R,1,unknown,joyboseroy/indus_decipher:indus_website
M-392,S2888,unknown,L-R,1,unknown,joyboseroy/indus_decipher:indus_website
M-393,S2889,unknown,L-R,1,unknown,joyboseroy/indus_decipher:indus_website
M-394,S2890,unknown,L-R,1,unknown,joyboseroy/indus_decipher:indus_website
M-395,S2891,unknown,L-R,1,unknown,joyboseroy/indus_decipher:indus_website
M-396,S2892,unknown,L-R,1,unknown,joyboseroy/indus_decipher:indus_website
M-397,S2893,unknown,L-R,1,unknown,joyboseroy/indus_decipher:indus_website
M-398,S2894,unknown,L-R,1,unknown,joyboseroy/indus_decipher:indus_website
M-399,S2895,unknown,L-R,1,unknown,joyboseroy/indus_decipher:indus_website
M-400,S2896,unknown,L-R,1,unknown,joyboseroy/indus_decipher:indus_website
M-401,S2897,unknown,L-R,1,unknown,joyboseroy/indus_decipher:indus_website
M-402,S2898,unknown,L-R,1,unknown,joyboseroy/indus_decipher:indus_website
M-403,S2899,unknown,L-R,1,unknown,joyboseroy/indus_decipher:indus_website
M-404,S2900,unknown,L-R,1,unknown,joyboseroy/indus_decipher:indus_website
M-405,S2901,unknown,L-R,1,unknown,joyboseroy/indus_decipher:indus_website
M-407,S2903,unknown,L-R,1,unknown,joyboseroy/indus_decipher:indus_website
M-408,S2904,unknown,L-R,1,unknown,joyboseroy/indus_decipher:indus_website
M-409,S2905,unknown,L-R,1,unknown,joyboseroy/indus_decipher:indus_website
M-411,S2907,unknown,L-R,1,unknown,joyboseroy/indus_decipher:indus_website
M-412,S2908,unknown,L-R,1,unknown,joyboseroy/indus_decipher:indus_website
M-415,S2911,Gaur,L-R,1,unknown,joyboseroy/indus_decipher:indus_website
M-416,S2912,Gaur,L-R,1,unknown,joyboseroy/indus_decipher:indus_website
M-420,S2914,unknown,R-L,1,unknown,joyboseroy/indus_decipher:indus_website
M-424,S2918,unknown,L-R,1,unknown,joyboseroy/indus_decipher:indus_website
M-427,S2921,Bull1,L-R,1,unknown,joyboseroy/indus_decipher:indus_website
M-429,S2923,Bull1,L-R,1,unknown,joyboseroy/indus_decipher:indus_website
M-431,S2925,unknown,L-R,1,unknown,joyboseroy/indus_decipher:indus_website
M-432,S2926,unknown,L-R,1,unknown,joyboseroy/indus_decipher:indus_website
M-437,S2929,Zebu,L-R,1,unknown,joyboseroy/indus_decipher:indus_website
M-444,S2930,unknown,L-R,1,unknown,joyboseroy/indus_decipher:indus_website
M-445,S2931,Bull1,L-R,1,unknown,joyboseroy/indus_decipher:indus_website
M-449,S2934,Mult,L-R,1,unknown,joyboseroy/indus_decipher:indus_website
M-453,S2938,Scene,L-R,1,unknown,joyboseroy/indus_decipher:indus_website
M-455,S2940,Scene,L-R,1,unknown,joyboseroy/indus_decipher:indus_website
M-459,S2944,Crs,L-R,1,unknown,joyboseroy/indus_decipher:indus_website
M-460,S2945,Crs,L-R,1,unknown,joyboseroy/indus_decipher:indus_website
M-461,S2946,Cros,L-R,1,unknown,joyboseroy/indus_decipher:indus_website
M-463,S2948,Xcrs,L-R,1,unknown,joyboseroy/indus_decipher:indus_website
M-464,S2949,Cros,L-R,1,unknown,joyboseroy/indus_decipher:indus_website
M-465,S2950,Cros,L-R,1,unknown,joyboseroy/indus_decipher:indus_website
M-466,S2951,Cros,L-R,1,unknown,joyboseroy/indus_decipher:indus_website
M-467,S2952,Cros,L-R,1,unknown,joyboseroy/indus_decipher:indus_website
M-468,S2953,Box,L-R,1,unknown,joyboseroy/indus_decipher:indus_website
M-469,S2954,Xhch,L-R,1,unknown,joyboseroy/indus_decipher:indus_website
M-471,S2956,unknown,L-R,1,unknown,joyboseroy/indus_decipher:indus_website
M-472,S2957,unknown,L-R,1,unknown,joyboseroy/indus_decipher:indus_website
M-473,S2958,unknown,L-R,1,unknown,joyboseroy/indus_decipher:indus_website
M-476,S2960,unknown,L-R,1,unknown,joyboseroy/indus_decipher:indus_website
M-478,S2962,Mult,L-R,1,unknown,joyboseroy/indus_decipher:indus_website
M-479,S2963,Mult,L-R,1,unknown,joyboseroy/indus_decipher:indus_website
M-480,S2964,Mult,L-R,1,unknown,joyboseroy/indus_decipher:indus_website
M-481,S2965,Anth,L-R,1,unknown,joyboseroy/indus_decipher:indus_website
M-482,S2966,Mult,L-R,1,unknown,joyboseroy/indus_decipher:indus_website
M-488,S2971,Mult,L-R,1,unknown,joyboseroy/indus_decipher:indus_website
M-490,S2972,Scene,L-R,1,unknown,joyboseroy/indus_decipher:indus_website
M-491,S2973,Scene,L-R,1,unknown,joyboseroy/indus_decipher:indus_website
M-494,S2975,unknown,L-R,1,unknown,joyboseroy/indus_decipher:indus_website
M-495,S2976,unknown,L-R,1,unknown,joyboseroy/indus_decipher:indus_website
M-501,S2978,unknown,L-R,1,unknown,joyboseroy/indus_decipher:indus_website
M-503,S2980,unknown,L-R,1,unknown,joyboseroy/indus_decipher:indus_website
M-504,S2981,Othr,L-R,1,unknown,joyboseroy/indus_decipher:indus_website
M-507,S2983,Loop,L-R,1,unknown,joyboseroy/indus_decipher:indus_website
M-508,S2984,Loop,L-R,1,unknown,joyboseroy/indus_decipher:indus_website
M-509,S2985,unknown,L-R,1,unknown,joyboseroy/indus_decipher:indus_website
M-510,S2986,unknown,L-R,1,unknown,joyboseroy/indus_decipher:indus_website
M-511,S2987,unknown,L-R,1,unknown,joyboseroy/indus_decipher:indus_website
M-512,S2988,unknown,L-R,1,unknown,joyboseroy/indus_decipher:indus_website
M-513,S2989,unknown,L-R,1,unknown,joyboseroy/indus_decipher:indus_website
M-514,S2990,unknown,L-R,1,unknown,joyboseroy/indus_decipher:indus_website
M-515,S2991,unknown,L-R,1,unknown,joyboseroy/indus_decipher:indus_website
M-516,S2992,unknown,L-R,1,unknown,joyboseroy/indus_decipher:indus_website
M-517,S2993,unknown,L-R,1,unknown,joyboseroy/indus_decipher:indus_website
M-519,S2994,Bull1:W,L-R,1,unknown,joyboseroy/indus_decipher:indus_website
M-520,S2995,Bull1:W,L-R,1,unknown,joyboseroy/indus_decipher:indus_website
M-522,S2997,Gaur,L-R,1,unknown,joyboseroy/indus_decipher:indus_website
M-523,S2998,Gaur,L-R,1,unknown,joyboseroy/indus_decipher:indus_website
M-524,S2999,Gaur,L-R,1,unknown,joyboseroy/indus_decipher:indus_website
M-525,S3000,Gaur,L-R,1,unknown,joyboseroy/indus_decipher:indus_website
M-527,S3001,Elep,L-R,1,unknown,joyboseroy/indus_decipher:indus_website
M-528,S3002,Elep,L-R,1,unknown,joyboseroy/indus_decipher:indus_website
M-529,S3003,Elep,L-R,1,unknown,joyboseroy/indus_decipher:indus_website
M-530,S3004,Elep,L-R,1,unknown,joyboseroy/indus_decipher:indus_website
M-534,S3006,Hare,L-R,1,unknown,joyboseroy/indus_decipher:indus_website
M-535,S3007,Hare,L-R,1,unknown,joyboseroy/indus_decipher:indus_website
M-536,S3008,Hare,L-R,1,unknown,joyboseroy/indus_decipher:indus_website
M-537,S3009,Hare,L-R,1,unknown,joyboseroy/indus_decipher:indus_website
M-538,S3010,Hare,L-R,1,unknown,joyboseroy/indus_decipher:indus_website
M-539,S3011,Hare,L-R,1,unknown,joyboseroy/indus_decipher:indus_website
M-541,S3013,Hare,L-R,1,unknown,joyboseroy/indus_decipher:indus_website
M-542,S3014,Hare,L-R,1,unknown,joyboseroy/indus_decipher:indus_website
M-543,S3015,Goat:8,L-R,1,unknown,joyboseroy/indus_decipher:indus_website
M-544,S3016,Goat:8,L-R,1,unknown,joyboseroy/indus_decipher:indus_website
M-545,S3017,Goat:8,L-R,1,unknown,joyboseroy/indus_decipher:indus_website
M-547,S3019,Othr,L-R,1,unknown,joyboseroy/indus_decipher:indus_website
M-548,S3020,Goat:8,L-R,1,unknown,joyboseroy/indus_decipher:indus_website
M-549,S3021,unknown,L-R,1,unknown,joyboseroy/indus_decipher:indus_website
M-550,S3022,Comp,L-R,1,unknown,joyboseroy/indus_decipher:indus_website
M-551,S3023,Othr,L-R,1,unknown,joyboseroy/indus_decipher:indus_website
M-552,S3024,Othr,L-R,1,unknown,joyboseroy/indus_decipher:indus_website
M-553,S3025,Othr,L-R,1,unknown,joyboseroy/indus_decipher:indus_website
M-554,S3026,Othr,L-R,1,unknown,joyboseroy/indus_decipher:indus_website
M-555,S3027,Othr,L-R,1,unknown,joyboseroy/indus_decipher:indus_website
M-556,S3028,Othr,L-R,1,unknown,joyboseroy/indus_decipher:indus_website
M-557,S3029,Othr,L-R,1,unknown,joyboseroy/indus_decipher:indus_website
M-558,S3030,Othr,L-R,1,unknown,joyboseroy/indus_decipher:indus_website
M-559,S3031,Othr,L-R,1,unknown,joyboseroy/indus_decipher:indus_website
M-560,S3032,Othr,L-R,1,unknown,joyboseroy/indus_decipher:indus_website
M-561,S3033,Othr,L-R,1,unknown,joyboseroy/indus_decipher:indus_website
M-562,S3034,Othr,L-R,1,unknown,joyboseroy/indus_decipher:indus_website
M-563,S3035,Othr,L-R,1,unknown,joyboseroy/indus_decipher:indus_website
M-564,S3036,Othr,L-R,1,unknown,joyboseroy/indus_decipher:indus_website
M-565,S3037,Othr,L-R,1,unknown,joyboseroy/indus_decipher:indus_website
M-567,S3038,Gaur,L-R,1,unknown,joyboseroy/indus_decipher:indus_website
M-568,S3039,Tigr,L-R,1,unknown,joyboseroy/indus_decipher:indus_website
M-569,S3040,unknown,L-R,1,unknown,joyboseroy/indus_decipher:indus_website
M-571,S3041,Comp,L-R,1,unknown,joyboseroy/indus_decipher:indus_website
M-572,S3042,Othr,L-R,1,unknown,joyboseroy/indus_decipher:indus_website
M-573,S3043,Othr,L-R,1,unknown,joyboseroy/indus_decipher:indus_website
M-574,S3044,Othr,L-R,1,unknown,joyboseroy/indus_decipher:indus_website
M-575,S3045,Othr,L-R,1,unknown,joyboseroy/indus_decipher:indus_website
M-576,S3046,Othr,L-R,1,unknown,joyboseroy/indus_decipher:indus_website
M-577,S3047,Othr,L-R,1,unknown,joyboseroy/indus_decipher:indus_website
M-578,S3048,Comp,L-R,1,unknown,joyboseroy/indus_decipher:indus_website
M-580,S3050,Othr,L-R,1,unknown,joyboseroy/indus_decipher:indus_website
M-581,S3051,Othr,L-R,1,unknown,joyboseroy/indus_decipher:indus_website
M-582,S3052,Anth,L-R,1,unknown,joyboseroy/indus_decipher:indus_website
M-583,S3053,Anth,L-R,1,unknown,joyboseroy/indus_decipher:indus_website
M-585,S3054,Anth,L-R,1,unknown,joyboseroy/indus_decipher:indus_website
M-586,S3055,Anth,L-R,1,unknown,joyboseroy/indus_decipher:indus_website
M-587,S3056,Anth,L-R,1,unknown,joyboseroy/indus_decipher:indus_website
M-588,S3057,Anth,L-R,1,unknown,joyboseroy/indus_decipher:indus_website
M-597,S3059,unknown,L-R,1,unknown,joyboseroy/indus_decipher:indus_website
M-602,S3063,unknown,L-R,1,unknown,joyboseroy/indus_decipher:indus_website
M-603,S3064,unknown,L-R,1,unknown,joyboseroy/indus_decipher:indus_website
M-604,S3065,unknown,L-R,1,unknown,joyboseroy/indus_decipher:indus_website
M-619,S3071,unknown,L-R,1,unknown,joyboseroy/indus_decipher:indus_website
M-623,S3074,Bull1:W,L-R,1,unknown,joyboseroy/indus_decipher:indus_website
M-624,S3075,Bull1:W,L-R,1,unknown,joyboseroy/indus_decipher:indus_website
M-626,S3077,Bull1:J,L-R,1,unknown,joyboseroy/indus_decipher:indus_website
M-627,S3078,Bull1:W,L-R,1,unknown,joyboseroy/indus_decipher:indus_website
M-628,S3079,Bull1:W,L-R,1,unknown,joyboseroy/indus_decipher:indus_website
M-629,S3080,Bull1:W,L-R,1,unknown,joyboseroy/indus_decipher:indus_website
M-631,S3081,Bull1:W,L-R,1,unknown,joyboseroy/indus_decipher:indus_website
M-634,S3084,Bull1,L-R,1,unknown,joyboseroy/indus_decipher:indus_website
M-638,S3087,unknown,L-R,1,unknown,joyboseroy/indus_decipher:indus_website
M-639,S3088,Bull1,L-R,1,unknown,joyboseroy/indus_decipher:indus_website
M-644,S3089,Bull1:W,L-R,1,unknown,joyboseroy/indus_decipher:indus_website
M-647,S3091,Bull1:S,L-R,1,unknown,joyboseroy/indus_decipher:indus_website
M-648,S3092,Bull1:J,L-R,1,unknown,joyboseroy/indus_decipher:indus_website
M-649,S3093,Bull1:X,L-R,1,unknown,joyboseroy/indus_decipher:indus_website
M-650,S3094,Bull1:W,L-R,1,unknown,joyboseroy/indus_decipher:indus_website
M-651,S3095,Bull1:W,L-R,1,unknown,joyboseroy/indus_decipher:indus_website
M-653,S3096,Bull1:W,L-R,1,unknown,joyboseroy/indus_decipher:indus_website
M-655,S3097,Bull1,L-R,1,unknown,joyboseroy/indus_decipher:indus_website
M-657,S3098,Bull1:W,L-R,1,unknown,joyboseroy/indus_decipher:indus_website
M-661,S3100,Bull1:W,L-R,1,unknown,joyboseroy/indus_decipher:indus_website
M-662,S3101,Bull1:W,L-R,1,unknown,joyboseroy/indus_decipher:indus_website
M-664,S3103,Bull1:S,L-R,1,unknown,joyboseroy/indus_decipher:indus_website
M-665,S3104,Bull1,L-R,1,unknown,joyboseroy/indus_decipher:indus_website
M-666,S3105,Bull1,L-R,1,unknown,joyboseroy/indus_decipher:indus_website
M-670,S3109,Bull1:W,L-R,1,unknown,joyboseroy/indus_decipher:indus_website
M-671,S3110,Bull1:W,L-R,1,unknown,joyboseroy/indus_decipher:indus_website
M-672,S3111,Bull1:W,L-R,1,unknown,joyboseroy/indus_decipher:indus_website
M-673,S3112,Bull1:W,L-R,1,unknown,joyboseroy/indus_decipher:indus_website
M-674,S3113,Bull1:W,L-R,1,unknown,joyboseroy/indus_decipher:indus_website
M-675,S3114,Bull1:W,L-R,1,unknown,joyboseroy/indus_decipher:indus_website
M-677,S3115,Bull1:L,L-R,1,unknown,joyboseroy/indus_decipher:indus_website
M-678,S3116,Bull1:W,L-R,1,unknown,joyboseroy/indus_decipher:indus_website
M-683,S3119,Bull1,L-R,1,unknown,joyboseroy/indus_decipher:indus_website
M-686,S3122,unknown,L-R,1,unknown,joyboseroy/indus_decipher:indus_website
M-699,S3126,Bull1:W,L-R,1,unknown,joyboseroy/indus_decipher:indus_website
M-700,S3127,Bull1:J,L-R,1,unknown,joyboseroy/indus_decipher:indus_website
M-704,S3131,Bull1:W,L-R,1,unknown,joyboseroy/indus_decipher:indus_website
M-705,S3132,Bull1:W,L-R,1,unknown,joyboseroy/indus_decipher:indus_website
M-706,S3133,Bull1:W,L-R,1,unknown,joyboseroy/indus_decipher:indus_website
M-708,S3134,Bull1:W,L-R,1,unknown,joyboseroy/indus_decipher:indus_website
M-710,S3135,Bull1:J,L-R,1,unknown,joyboseroy/indus_decipher:indus_website
M-712,S3137,Bull1:W,L-R,1,unknown,joyboseroy/indus_decipher:indus_website
M-713,S3138,Bull1,L-R,1,unknown,joyboseroy/indus_decipher:indus_website
M-714,S3139,Bull1:W,L-R,1,unknown,joyboseroy/indus_decipher:indus_website
M-717,S3142,Bull1:J,L-R,1,unknown,joyboseroy/indus_decipher:indus_website
M-722,S3146,Bull1,L-R,1,unknown,joyboseroy/indus_decipher:indus_website
M-723,S3147,Bull1,L-R,1,unknown,joyboseroy/indus_decipher:indus_website
M-724,S3148,Bull1:J,L-R,1,unknown,joyboseroy/indus_decipher:indus_website
M-725,S3149,Bull1:J,L-R,1,unknown,joyboseroy/indus_decipher:indus_website
M-726,S3150,Bull1:T,L-R,1,unknown,joyboseroy/indus_decipher:indus_website
M-727,S3151,Bull1:W,L-R,1,unknown,joyboseroy/indus_decipher:indus_website
M-728,S3152,Bull1:V,L-R,1,unknown,joyboseroy/indus_decipher:indus_website
M-729,S3153,Bull1:I,L-R,1,unknown,joyboseroy/indus_decipher:indus_website
M-730,S3154,Bull1:J,L-R,1,unknown,joyboseroy/indus_decipher:indus_website
M-731,S3155,Bull1:I,L-R,1,unknown,joyboseroy/indus_decipher:indus_website
M-732,S3156,Bull1:V,L-R,1,unknown,joyboseroy/indus_decipher:indus_website
M-733,S3157,Bull1:W,L-R,1,unknown,joyboseroy/indus_decipher:indus_website
M-734,S3158,Bull1:S,L-R,1,unknown,joyboseroy/indus_decipher:indus_website
M-735,S3159,Bull1:U,L-R,1,unknown,joyboseroy/indus_decipher:indus_website
M-739,S3163,Bull1:J,L-R,1,unknown,joyboseroy/indus_decipher:indus_website
M-740,S3164,Bull1:J,L-R,1,unknown,joyboseroy/indus_decipher:indus_website
M-741,S3165,Bull1:I,L-R,1,unknown,joyboseroy/indus_decipher:indus_website
M-742,S3166,Bull1:W,L-R,1,unknown,joyboseroy/indus_decipher:indus_website
M-745,S3168,Bull1,L-R,1,unknown,joyboseroy/indus_decipher:indus_website
M-746,S3169,Bull1:I,L-R,1,unknown,joyboseroy/indus_decipher:indus_website
M-748,S3171,Bull1,L-R,1,unknown,joyboseroy/indus_decipher:indus_website
M-749,S3172,Bull1:W,R-L,1,unknown,joyboseroy/indus_decipher:indus_website
M-750,S3173,Bull1:W,L-R,1,unknown,joyboseroy/indus_decipher:indus_website
M-753,S3176,Bull1:W,L-R,1,unknown,joyboseroy/indus_decipher:indus_website
M-754,S3177,Bull1,L-R,1,unknown,joyboseroy/indus_decipher:indus_website
M-755,S3178,Bull1,L-R,1,unknown,joyboseroy/indus_decipher:indus_website
M-756,S3179,Bull1:W,L-R,1,unknown,joyboseroy/indus_decipher:indus_website
M-757,S3180,Bull1,L-R,1,unknown,joyboseroy/indus_decipher:indus_website
M-758,S3181,Bull1:W,L-R,1,unknown,joyboseroy/indus_decipher:indus_website
M-759,S3182,unknown,L-R,1,unknown,joyboseroy/indus_decipher:indus_website
M-762,S3185,Bull1:I,L-R,1,unknown,joyboseroy/indus_decipher:indus_website
M-776,S3190,Bull1:J,L-R,1,unknown,joyboseroy/indus_decipher:indus_website
M-777,S3191,Bull1:J,L-R,1,unknown,joyboseroy/indus_decipher:indus_website
M-779,S3193,Bull1:L,L-R,1,unknown,joyboseroy/indus_decipher:indus_website
M-780,S3194,Bull1:W,L-R,1,unknown,joyboseroy/indus_decipher:indus_website
M-781,S3195,Bull1:S,L-R,1,unknown,joyboseroy/indus_decipher:indus_website
M-782,S3196,Bull1:S,L-R,1,unknown,joyboseroy/indus_decipher:indus_website
M-783,S3197,Bull1:S,L-R,1,unknown,joyboseroy/indus_decipher:indus_website
M-784,S3198,Bull1:S,L-R,1,unknown,joyboseroy/indus_decipher:indus_website
M-785,S3199,Bull1:S,L-R,1,unknown,joyboseroy/indus_decipher:indus_website
M-786,S3200,Bull1:S,L-R,1,unknown,joyboseroy/indus_decipher:indus_website
M-788,S3202,Bull1:J,L-R,1,unknown,joyboseroy/indus_decipher:indus_website
M-792,S3206,Bull1:S,L-R,1,unknown,joyboseroy/indus_decipher:indus_website
M-793,S3207,Bull1:W,L-R,1,unknown,joyboseroy/indus_decipher:indus_website
M-794,S3208,Bull1:S,L-R,1,unknown,joyboseroy/indus_decipher:indus_website
M-795,S3209,Bull1:W,L-R,1,unknown,joyboseroy/indus_decipher:indus_website
M-796,S3210,Bull1:W,L-R,1,unknown,joyboseroy/indus_decipher:indus_website
M-798,S3212,Bull1:W,L-R,1,unknown,joyboseroy/indus_decipher:indus_website
M-800,S3214,Bull1:W,L-R,1,unknown,joyboseroy/indus_decipher:indus_website
M-802,S3216,Bull1:W,L-R,1,unknown,joyboseroy/indus_decipher:indus_website
M-803,S3217,Bull1,L-R,1,unknown,joyboseroy/indus_decipher:indus_website
M-806,S3219,Bull1:S,L-R,1,unknown,joyboseroy/indus_decipher:indus_website
M-809,S3222,Bull1,L-R,1,unknown,joyboseroy/indus_decipher:indus_website
M-810,S3223,Bull1:J,L-R,1,unknown,joyboseroy/indus_decipher:indus_website
M-811,S3224,Bull1:J,L-R,1,unknown,joyboseroy/indus_decipher:indus_website
M-812,S3225,Bull1:J,L-R,1,unknown,joyboseroy/indus_decipher:indus_website
M-813,S3226,Bull1:S,L-R,1,unknown,joyboseroy/indus_decipher:indus_website
M-814,S3227,Bull1:S,L-R,1,unknown,joyboseroy/indus_decipher:indus_website
M-815,S3228,Bull1:W,L-R,1,unknown,joyboseroy/indus_decipher:indus_website
M-816,S3229,Bull1:S,L-R,1,unknown,joyboseroy/indus_decipher:indus_website
M-817,S3230,Bull1:S,L-R,1,unknown,joyboseroy/indus_decipher:indus_website
M-819,S3232,Bull1:J,L-R,1,unknown,joyboseroy/indus_decipher:indus_website
M-822,S3235,Bull1:S,L-R,1,unknown,joyboseroy/indus_decipher:indus_website
M-823,S3236,Bull1:S,L-R,1,unknown,joyboseroy/indus_decipher:indus_website
M-824,S3237,Bull1:J,L-R,1,unknown,joyboseroy/indus_decipher:indus_website
M-828,S3240,Bull1,L-R,1,unknown,joyboseroy/indus_decipher:indus_website
M-830,S3242,Bull1,L-R,1,unknown,joyboseroy/indus_decipher:indus_website
M-832,S3244,Bull1:S,L-R,1,unknown,joyboseroy/indus_decipher:indus_website
M-833,S3245,Bull1:W,L-R,1,unknown,joyboseroy/indus_decipher:indus_website
M-834,S3246,Bull1:J,L-R,1,unknown,joyboseroy/indus_decipher:indus_website
M-836,S3248,Bull1:W,L-R,1,unknown,joyboseroy/indus_decipher:indus_website
M-837,S3249,Bull1:S,L-R,1,unknown,joyboseroy/indus_decipher:indus_website
M-838,S3250,Bull1:L,L-R,1,unknown,joyboseroy/indus_decipher:indus_website
M-839,S3251,Bull1:L,L-R,1,unknown,joyboseroy/indus_decipher:indus_website
M-840,S3252,Bull1:T,L-R,1,unknown,joyboseroy/indus_decipher:indus_website
M-846,S3258,Bull1,L-R,1,unknown,joyboseroy/indus_decipher:indus_website
M-847,S3259,Bull1,L-R,1,unknown,joyboseroy/indus_decipher:indus_website
M-848,S3260,Bull1,L-R,1,unknown,joyboseroy/indus_decipher:indus_website
M-849,S3261,Bull1:J,L-R,1,unknown,joyboseroy/indus_decipher:indus_website
M-850,S3262,Bull1:L,L-R,1,unknown,joyboseroy/indus_decipher:indus_website
M-851,S3263,Bull1:W,L-R,1,unknown,joyboseroy/indus_decipher:indus_website
M-852,S3264,Bull1:W,L-R,1,unknown,joyboseroy/indus_decipher:indus_website
M-853,S3265,Bull1:S,L-R,1,unknown,joyboseroy/indus_decipher:indus_website
M-854,S3266,Bull1,L-R,1,unknown,joyboseroy/indus_decipher:indus_website
M-855,S3267,Bull1,L-R,1,unknown,joyboseroy/indus_decipher:indus_website
M-856,S3268,Bull1,L-R,1,unknown,joyboseroy/indus_decipher:indus_website
M-857,S3269,Bull1,L-R,1,unknown,joyboseroy/indus_decipher:indus_website
M-860,S3271,Bull1:S,L-R,1,unknown,joyboseroy/indus_decipher:indus_website
M-861,S3272,Bull1:S,L-R,1,unknown,joyboseroy/indus_decipher:indus_website
M-862,S3273,Bull1:S,L-R,1,unknown,joyboseroy/indus_decipher:indus_website
M-863,S3274,Bull1:L,L-R,1,unknown,joyboseroy/indus_decipher:indus_website
M-865,S3276,Bull1:W,L-R,1,unknown,joyboseroy/indus_decipher:indus_website
M-868,S3278,Bull1:W,L-R,1,unknown,joyboseroy/indus_decipher:indus_website
M-869,S3279,Bull1:S,L-R,1,unknown,joyboseroy/indus_decipher:indus_website
M-870,S3280,Bull1:L,L-R,1,unknown,joyboseroy/indus_decipher:indus_website
M-872,S3281,Bull1:I,L-R,1,unknown,joyboseroy/indus_decipher:indus_website
M-873,S3282,Bull1:X,L-R,1,unknown,joyboseroy/indus_decipher:indus_website
M-874,S3283,Bull1:W,L-R,1,unknown,joyboseroy/indus_decipher:indus_website
M-875,S3284,Bull1:J,L-R,1,unknown,joyboseroy/indus_decipher:indus_website
M-878,S3286,Bull1:J,L-R,1,unknown,joyboseroy/indus_decipher:indus_website
M-879,S3287,Bull1:J,L-R,1,unknown,joyboseroy/indus_decipher:indus_website
M-880,S3288,Bull1:S,L-R,1,unknown,joyboseroy/indus_decipher:indus_website
M-884,S3291,Bull1:S,L-R,1,unknown,joyboseroy/indus_decipher:indus_website
M-889,S3295,Bull1:I,L-R,1,unknown,joyboseroy/indus_decipher:indus_website
M-890,S3296,Bull1,L-R,1,unknown,joyboseroy/indus_decipher:indus_website
M-894,S3299,Bull1:I,L-R,1,unknown,joyboseroy/indus_decipher:indus_website
M-895,S3300,Bull1,L-R,1,unknown,joyboseroy/indus_decipher:indus_website
M-896,S3301,Bull1,L-R,1,unknown,joyboseroy/indus_decipher:indus_website
M-897,S3302,Bull1,L-R,1,unknown,joyboseroy/indus_decipher:indus_website
M-898,S3303,Bull1:W,L-R,1,unknown,joyboseroy/indus_decipher:indus_website
M-899,S3304,Bull1:W,L-R,1,unknown,joyboseroy/indus_decipher:indus_website
M-900,S3305,Bull1,L-R,1,unknown,joyboseroy/indus_decipher:indus_website
M-901,S3306,Bull1,L-R,1,unknown,joyboseroy/indus_decipher:indus_website
M-903,S3308,Bull1,L-R,1,unknown,joyboseroy/indus_decipher:indus_website
M-914,S3311,Bull1:W,L-R,1,unknown,joyboseroy/indus_decipher:indus_website
M-915,S3312,Bull1:W,L-R,1,unknown,joyboseroy/indus_decipher:indus_website
M-916,S3313,Bull1:J,L-R,1,unknown,joyboseroy/indus_decipher:indus_website
M-917,S3314,Bull1:W,L-R,1,unknown,joyboseroy/indus_decipher:indus_website
M-918,S3315,Bull1,L-R,1,unknown,joyboseroy/indus_decipher:indus_website
M-919,S3316,Bull1,L-R,1,unknown,joyboseroy/indus_decipher:indus_website
M-920,S3317,Bull1:S,L-R,1,unknown,joyboseroy/indus_decipher:indus_website
M-921,S3318,Bull1:L,L-R,1,unknown,joyboseroy/indus_decipher:indus_website
M-926,S3322,Bull1:S,L-R,1,unknown,joyboseroy/indus_decipher:indus_website
M-928,S3324,Bull1,L-R,1,unknown,joyboseroy/indus_decipher:indus_website
M-931,S3326,Bull1:W,L-R,1,unknown,joyboseroy/indus_decipher:indus_website
M-932,S3327,Bull1:S,L-R,1,unknown,joyboseroy/indus_decipher:indus_website
M-933,S3328,Bull1:L,L-R,1,unknown,joyboseroy/indus_decipher:indus_website
M-934,S3329,Bull1:W,L-R,1,unknown,joyboseroy/indus_decipher:indus_website
M-935,S3330,Bull1:S,L-R,1,unknown,joyboseroy/indus_decipher:indus_website
M-936,S3331,Bull1:J,L-R,1,unknown,joyboseroy/indus_decipher:indus_website
M-937,S3332,Bull1:J,L-R,1,unknown,joyboseroy/indus_decipher:indus_website
M-938,S3333,Bull1:W,L-R,1,unknown,joyboseroy/indus_decipher:indus_website
M-939,S3334,Bull1:J,L-R,1,unknown,joyboseroy/indus_decipher:indus_website
M-943,S3338,Bull1:W,L-R,1,unknown,joyboseroy/indus_decipher:indus_website
M-944,S3339,Bull1:W,L-R,1,unknown,joyboseroy/indus_decipher:indus_website
M-945,S3340,Bull1:S,L-R,1,unknown,joyboseroy/indus_decipher:indus_website
M-946,S3341,Bull1:S,L-R,1,unknown,joyboseroy/indus_decipher:indus_website
M-947,S3342,Bull1,L-R,1,unknown,joyboseroy/indus_decipher:indus_website
M-948,S3343,Bull1,L-R,1,unknown,joyboseroy/indus_decipher:indus_website
M-950,S3345,Bull1,L-R,1,unknown,joyboseroy/indus_decipher:indus_website
M-951,S3346,Bull1:S,L-R,1,unknown,joyboseroy/indus_decipher:indus_website
M-953,S3348,Bull1:J,L-R,1,unknown,joyboseroy/indus_decipher:indus_website
M-954,S3349,Bull1,L-R,1,unknown,joyboseroy/indus_decipher:indus_website
M-955,S3350,Bull1:U,L-R,1,unknown,joyboseroy/indus_decipher:indus_website
M-956,S3351,Bull1:J,L-R,1,unknown,joyboseroy/indus_decipher:indus_website
M-957,S3352,Bull1,L-R,1,unknown,joyboseroy/indus_decipher:indus_website
M-958,S3353,Bull1:J,L-R,1,unknown,joyboseroy/indus_decipher:indus_website
M-959,S3354,Bull1,L-R,1,unknown,joyboseroy/indus_decipher:indus_website
M-960,S3355,Bull1,L-R,1,unknown,joyboseroy/indus_decipher:indus_website
M-961,S3356,Bull1:X,L-R,1,unknown,joyboseroy/indus_decipher:indus_website
M-962,S3357,Bull1:W,L-R,1,unknown,joyboseroy/indus_decipher:indus_website
M-964,S3358,Bull1:J,L-R,1,unknown,joyboseroy/indus_decipher:indus_website
M-965,S3359,Bull1:I,L-R,1,unknown,joyboseroy/indus_decipher:indus_website
M-967,S3360,Bull1:W,L-R,1,unknown,joyboseroy/indus_decipher:indus_website
M-968,S3361,Bull1:J,L-R,1,unknown,joyboseroy/indus_decipher:indus_website
M-969,S3362,Bull1:S,L-R,1,unknown,joyboseroy/indus_decipher:indus_website
M-971,S3364,Bull1:J,L-R,1,unknown,joyboseroy/indus_decipher:indus_website
M-972,S3365,Bull1:J,L-R,1,unknown,joyboseroy/indus_decipher:indus_website
M-973,S3366,Bull1:J,L-R,1,unknown,joyboseroy/indus_decipher:indus_website
M-974,S3367,Bull1:I,L-R,1,unknown,joyboseroy/indus_decipher:indus_website
M-975,S3368,Bull1:S,L-R,1,unknown,joyboseroy/indus_decipher:indus_website
M-976,S3369,Bull1,L-R,1,unknown,joyboseroy/indus_decipher:indus_website
M-977,S3370,Bull1:X,R-L,1,unknown,joyboseroy/indus_decipher:indus_website
M-978,S3371,Bull1,L-R,1,unknown,joyboseroy/indus_decipher:indus_website
M-979,S3372,Bull1:J,L-R,1,unknown,joyboseroy/indus_decipher:indus_website
M-980,S3373,Bull1,L-R,1,unknown,joyboseroy/indus_decipher:indus_website
M-981,S3374,Bull1:W,L-R,1,unknown,joyboseroy/indus_decipher:indus_website
M-982,S3375,Bull1:U,L-R,1,unknown,joyboseroy/indus_decipher:indus_website
M-985,S3378,Bull1,L-R,1,unknown,joyboseroy/indus_decipher:indus_website
M-986,S3379,Bull1,L-R,1,unknown,joyboseroy/indus_decipher:indus_website
M-987,S3380,Bull1,L-R,1,unknown,joyboseroy/indus_decipher:indus_website
M-988,S3381,unknown,L-R,1,unknown,joyboseroy/indus_decipher:indus_website
M-991,S3383,Bull1:W,L-R,1,unknown,joyboseroy/indus_decipher:indus_website
M-992,S3384,Bull1:S,L-R,1,unknown,joyboseroy/indus_decipher:indus_website
M-993,S3385,Bull1,L-R,1,unknown,joyboseroy/indus_decipher:indus_website
M-994,S3386,Bull1,L-R,1,unknown,joyboseroy/indus_decipher:indus_website
M-995,S3387,Bull1:X,L-R,1,unknown,joyboseroy/indus_decipher:indus_website
M-997,S3389,Bull1,L-R,1,unknown,joyboseroy/indus_decipher:indus_website
M-998,S3390,Bull1:I,L-R,1,unknown,joyboseroy/indus_decipher:indus_website
M-1001,S3393,Bull1:L,L-R,1,unknown,joyboseroy/indus_decipher:indus_website
M-1002,S3394,Bull1,L-R,1,unknown,joyboseroy/indus_decipher:indus_website
M-1044,S3421,Bull,L-R,1,unknown,joyboseroy/indus_decipher:indus_website
M-1052,S3427,unknown,L-R,1,unknown,joyboseroy/indus_decipher:indus_website
M-1063,S3437,unknown,L-R,1,unknown,joyboseroy/indus_decipher:indus_website
M-1079,S3453,Gaur,L-R,1,unknown,joyboseroy/indus_decipher:indus_website
M-1080,S3454,Gaur,L-R,1,unknown,joyboseroy/indus_decipher:indus_website
M-1081,S3455,Gaur,L-R,1,unknown,joyboseroy/indus_decipher:indus_website
M-1085,S3459,Gaur,L-R,1,unknown,joyboseroy/indus_decipher:indus_website
M-1086,S3460,Gaur,L-R,1,unknown,joyboseroy/indus_decipher:indus_website
M-1087,S3461,Gaur,L-R,1,unknown,joyboseroy/indus_decipher:indus_website
M-1088,S3462,Gaur,L-R,1,unknown,joyboseroy/indus_decipher:indus_website
M-1089,S3463,Gaur,L-R,1,unknown,joyboseroy/indus_decipher:indus_website
M-1091,S3465,Gaur,L-R,1,unknown,joyboseroy/indus_decipher:indus_website
M-1095,S3467,Gaur,L-R,1,unknown,joyboseroy/indus_decipher:indus_website
M-1096,S3468,Gaur,L-R,1,unknown,joyboseroy/indus_decipher:indus_website
M-1097,S3469,Gaur,L-R,1,unknown,joyboseroy/indus_decipher:indus_website
M-1100,S3472,unknown,L-R,1,unknown,joyboseroy/indus_decipher:indus_website
M-1103,S3474,Zebu,L-R,1,unknown,joyboseroy/indus_decipher:indus_website
M-1104,S3475,Zebu,L-R,1,unknown,joyboseroy/indus_decipher:indus_website
M-1108,S3479,Zebu,L-R,1,unknown,joyboseroy/indus_decipher:indus_website
M-1109,S3480,Zebu,L-R,1,unknown,joyboseroy/indus_decipher:indus_website
M-1110,S3481,Zebu,L-R,1,unknown,joyboseroy/indus_decipher:indus_website
M-1111,S3482,Zebu,L-R,1,unknown,joyboseroy/indus_decipher:indus_website
M-1112,S3483,Zebu,L-R,1,unknown,joyboseroy/indus_decipher:indus_website
M-1113,S3484,Zebu,L-R,1,unknown,joyboseroy/indus_decipher:indus_website
M-1114,S3485,Zebu,L-R,1,unknown,joyboseroy/indus_decipher:indus_website
M-1115,S3486,Zebu,L-R,1,unknown,joyboseroy/indus_decipher:indus_website
M-1116,S3487,Zebu,L-R,1,unknown,joyboseroy/indus_decipher:indus_website
M-1117,S3488,Zebu,L-R,1,unknown,joyboseroy/indus_decipher:indus_website
M-1119,S3490,Zebu,L-R,1,unknown,joyboseroy/indus_decipher:indus_website
M-1123,S3494,Zebu,L-R,1,unknown,joyboseroy/indus_decipher:indus_website
M-1127,S3496,Buff,L-R,1,unknown,joyboseroy/indus_decipher:indus_website
M-1128,S3497,Buff,L-R,1,unknown,joyboseroy/indus_decipher:indus_website
M-1129,S3498,Goat:7,L-R,1,unknown,joyboseroy/indus_decipher:indus_website
M-1134,S3501,Rhin,L-R,1,unknown,joyboseroy/indus_decipher:indus_website
M-1135,S3502,Rhin,L-R,1,unknown,joyboseroy/indus_decipher:indus_website
M-1137,S3504,unknown,L-R,1,unknown,joyboseroy/indus_decipher:indus_website
M-1138,S3505,Rhin,L-R,1,unknown,joyboseroy/indus_decipher:indus_website
M-1139,S3506,Rhin,L-R,1,unknown,joyboseroy/indus_decipher:indus_website
M-1146,S3508,Elep,L-R,1,unknown,joyboseroy/indus_decipher:indus_website
M-1148,S3509,Elep,L-R,1,unknown,joyboseroy/indus_decipher:indus_website
M-1150,S3511,Elep,L-R,1,unknown,joyboseroy/indus_decipher:indus_website
M-1151,S3512,Elep,L-R,1,unknown,joyboseroy/indus_decipher:indus_website
M-1152,S3513,Elep,L-R,1,unknown,joyboseroy/indus_decipher:indus_website
M-1155,S3516,Elep,L-R,1,unknown,joyboseroy/indus_decipher:indus_website
M-1156,S3517,Elep,L-R,1,unknown,joyboseroy/indus_decipher:indus_website
M-1159,S3519,Elep,L-R,1,unknown,joyboseroy/indus_decipher:indus_website
M-1161,S3521,Elep,L-R,1,unknown,joyboseroy/indus_decipher:indus_website
M-1165,S3525,Tigr,L-R,1,unknown,joyboseroy/indus_decipher:indus_website
M-1166,S3526,Tigr,L-R,1,unknown,joyboseroy/indus_decipher:indus_website
M-1168,S3528,Htgr,L-R,1,unknown,joyboseroy/indus_decipher:indus_website
M-1169,S3529,Comp,L-R,1,unknown,joyboseroy/indus_decipher:indus_website
M-1177,S3533,CompBull,L-R,1,unknown,joyboseroy/indus_decipher:indus_website
M-1179,S3535,Goat:3,L-R,1,unknown,joyboseroy/indus_decipher:indus_website
M-1180,S3536,Goat:3,L-R,1,unknown,joyboseroy/indus_decipher:indus_website
M-1181,S3537,Anth,L-R,1,unknown,joyboseroy/indus_decipher:indus_website
M-1193,S3544,unknown,L-R,1,unknown,joyboseroy/indus_decipher:indus_website
M-1195,S3546,unknown,L-R,1,unknown,joyboseroy/indus_decipher:indus_website
M-1197,S3548,unknown,L-R,1,unknown,joyboseroy/indus_decipher:indus_website
M-1199,S3550,Bull1:I,L-R,1,unknown,joyboseroy/indus_decipher:indus_website
M-1200,S3551,Bull1,L-R,1,unknown,joyboseroy/indus_decipher:indus_website
M-1202,S3552,Gaur,L-R,1,unknown,joyboseroy/indus_decipher:indus_website
M-1203,S3553,Bull1:W,L-R,1,unknown,joyboseroy/indus_decipher:indus_website
M-1206,S3556,Gaur,L-R,1,unknown,joyboseroy/indus_decipher:indus_website
M-1221,S3557,Bull1,L-R,1,unknown,joyboseroy/indus_decipher:indus_website
M-1222,S3558,Bull1,L-R,1,unknown,joyboseroy/indus_decipher:indus_website
M-1224,S3559,Mult,L-R,1,unknown,joyboseroy/indus_decipher:indus_website
M-1225,S3560,Gaur,L-R,1,unknown,joyboseroy/indus_decipher:indus_website
M-1226,S3561,Gaur,L-R,1,unknown,joyboseroy/indus_decipher:indus_website
M-1228,S3562,unknown,L-R,1,unknown,joyboseroy/indus_decipher:indus_website
M-1232,S3564,unknown,R-L,1,unknown,joyboseroy/indus_decipher:indus_website
M-1235,S3566,unknown,L-R,1,unknown,joyboseroy/indus_decipher:indus_website
M-1262,S3569,unknown,L-R,1,unknown,joyboseroy/indus_decipher:indus_website
M-1264,S3571,unknown,L-R,1,unknown,joyboseroy/indus_decipher:indus_website
M-1265,S3572,unknown,L-R,1,unknown,joyboseroy/indus_decipher:indus_website
M-1266,S3573,unknown,L-R,1,unknown,joyboseroy/indus_decipher:indus_website
M-1267,S3574,unknown,L-R,1,unknown,joyboseroy/indus_decipher:indus_website
M-1268,S3575,unknown,L-R,1,unknown,joyboseroy/indus_decipher:indus_website
M-1269,S3576,unknown,L-R,1,unknown,joyboseroy/indus_decipher:indus_website
M-1270,S3577,unknown,L-R,1,unknown,joyboseroy/indus_decipher:indus_website
M-1271,S3578,unknown,L-R,1,unknown,joyboseroy/indus_decipher:indus_website
M-1272,S3579,unknown,L-R,1,unknown,joyboseroy/indus_decipher:indus_website
M-1273,S3580,unknown,L-R,1,unknown,joyboseroy/indus_decipher:indus_website
M-1274,S3581,unknown,L-R,1,unknown,joyboseroy/indus_decipher:indus_website
M-1275,S3582,unknown,L-R,1,unknown,joyboseroy/indus_decipher:indus_website
M-1276,S3583,unknown,L-R,1,unknown,joyboseroy/indus_decipher:indus_website
M-1277,S3584,unknown,R-L,1,unknown,joyboseroy/indus_decipher:indus_website
M-1284,S3589,unknown,L-R,1,unknown,joyboseroy/indus_decipher:indus_website
M-1290,S3595,unknown,L-R,1,unknown,joyboseroy/indus_decipher:indus_website
M-1299,S3604,unknown,L-R,1,unknown,joyboseroy/indus_decipher:indus_website
M-1305,S3610,unknown,L-R,1,unknown,joyboseroy/indus_decipher:indus_website
M-1306,S3611,unknown,L-R,1,unknown,joyboseroy/indus_decipher:indus_website
M-1307,S3612,unknown,L-R,1,unknown,joyboseroy/indus_decipher:indus_website
M-1308,S3613,unknown,L-R,1,unknown,joyboseroy/indus_decipher:indus_website
M-1310,S3615,unknown,L-R,1,unknown,joyboseroy/indus_decipher:indus_website
M-1311,S3616,unknown,L-R,1,unknown,joyboseroy/indus_decipher:indus_website
M-1312,S3617,unknown,L-R,1,unknown,joyboseroy/indus_decipher:indus_website
M-1314,S3619,unknown,L-R,1,unknown,joyboseroy/indus_decipher:indus_website
M-1315,S3620,unknown,L-R,1,unknown,joyboseroy/indus_decipher:indus_website
M-1316,S3621,unknown,L-R,1,unknown,joyboseroy/indus_decipher:indus_website
M-1317,S3622,unknown,L-R,1,unknown,joyboseroy/indus_decipher:indus_website
M-1318,S3623,unknown,L-R,1,unknown,joyboseroy/indus_decipher:indus_website
M-1320,S3625,unknown,L-R,1,unknown,joyboseroy/indus_decipher:indus_website
M-1322,S3627,unknown,L-R,1,unknown,joyboseroy/indus_decipher:indus_website
M-1323,S3628,unknown,L-R,1,unknown,joyboseroy/indus_decipher:indus_website
M-1341,S3646,unknown,L-R,1,unknown,joyboseroy/indus_decipher:indus_website
M-1342,S3647,unknown,L-R,1,unknown,joyboseroy/indus_decipher:indus_website
M-1343,S3648,unknown,L-R,1,unknown,joyboseroy/indus_decipher:indus_website
M-1346,S3650,unknown,L-R,1,unknown,joyboseroy/indus_decipher:indus_website
M-1350,S3651,unknown,L-R,1,unknown,joyboseroy/indus_decipher:indus_website
M-1351,S3652,unknown,L-R,1,unknown,joyboseroy/indus_decipher:indus_website
M-1358,S3657,unknown,L-R,1,unknown,joyboseroy/indus_decipher:indus_website
M-1359,S3658,unknown,L-R,1,unknown,joyboseroy/indus_decipher:indus_website
M-1364,S3663,unknown,L-R,1,unknown,joyboseroy/indus_decipher:indus_website
M-1365,S3664,Othr,R-L,1,unknown,joyboseroy/indus_decipher:indus_website
M-1366,S3665,unknown,L-R,1,unknown,joyboseroy/indus_decipher:indus_website
M-1368,S3667,unknown,L-R,1,unknown,joyboseroy/indus_decipher:indus_website
M-1371,S3670,unknown,L-R,1,unknown,joyboseroy/indus_decipher:indus_website
M-1372,S3671,unknown,L-R,1,unknown,joyboseroy/indus_decipher:indus_website
M-1375,S3673,unknown,L-R,1,unknown,joyboseroy/indus_decipher:indus_website
M-1379,S3675,unknown,L-R,1,unknown,joyboseroy/indus_decipher:indus_website
M-1381,S3677,unknown,L-R,1,unknown,joyboseroy/indus_decipher:indus_website
M-1382,S3678,unknown,L-R,1,unknown,joyboseroy/indus_decipher:indus_website
M-1383,S3679,Bull1,L-R,1,unknown,joyboseroy/indus_decipher:indus_website
M-1384,S3680,unknown,L-R,1,unknown,joyboseroy/indus_decipher:indus_website
M-1385,S3681,Bull1,L-R,1,unknown,joyboseroy/indus_decipher:indus_website
M-1388,S3683,Bull1,L-R,1,unknown,joyboseroy/indus_decipher:indus_website
M-1390,S3684,Mult,L-R,1,unknown,joyboseroy/indus_decipher:indus_website
M-1396,S3688,Bull1,L-R,1,unknown,joyboseroy/indus_decipher:indus_website
M-1399,S3690,Mult,L-R,1,unknown,joyboseroy/indus_decipher:indus_website
M-1407,S3696,unknown,L-R,1,unknown,joyboseroy/indus_decipher:indus_website
M-1408,S3697,unknown,L-R,1,unknown,joyboseroy/indus_decipher:indus_website
M-1409,S3698,Crs,L-R,1,unknown,joyboseroy/indus_decipher:indus_website
M-1410,S3699,unknown,L-R,1,unknown,joyboseroy/indus_decipher:indus_website
M-1411,S3700,unknown,L-R,1,unknown,joyboseroy/indus_decipher:indus_website
M-1412,S3701,Crs,L-R,1,unknown,joyboseroy/indus_decipher:indus_website
M-1415,S3703,Cros,L-R,1,unknown,joyboseroy/indus_decipher:indus_website
M-1416,S3704,Cros,L-R,1,unknown,joyboseroy/indus_decipher:indus_website
M-1418,S3705,unknown,L-R,1,unknown,joyboseroy/indus_decipher:indus_website
M-1424,S3709,Gaur,L-R,1,unknown,joyboseroy/indus_decipher:indus_website
M-1425,S3710,Mult,L-R,1,unknown,joyboseroy/indus_decipher:indus_website
M-1426,S3711,unknown,L-R,1,unknown,joyboseroy/indus_decipher:indus_website
M-1427,S3712,Bull1,L-R,1,unknown,joyboseroy/indus_decipher:indus_website
M-1429,S3713,Mult,L-R,1,unknown,joyboseroy/indus_decipher:indus_website
M-1430,S3714,Mult,L-R,1,unknown,joyboseroy/indus_decipher:indus_website
M-1438,S3719,unknown,L-R,1,unknown,joyboseroy/indus_decipher:indus_website
M-1439,S3720,unknown,L-R,1,unknown,joyboseroy/indus_decipher:indus_website
M-1441,S3722,unknown,L-R,1,unknown,joyboseroy/indus_decipher:indus_website
M-1442,S3723,unknown,L-R,1,unknown,joyboseroy/indus_decipher:indus_website
M-1443,S3724,unknown,L-R,1,unknown,joyboseroy/indus_decipher:indus_website
M-1444,S3725,unknown,L-R,1,unknown,joyboseroy/indus_decipher:indus_website
M-1445,S3726,unknown,L-R,1,unknown,joyboseroy/indus_decipher:indus_website
M-1448,S3727,Othr,L-R,1,unknown,joyboseroy/indus_decipher:indus_website
M-1449,S3728,Othr,L-R,1,unknown,joyboseroy/indus_decipher:indus_website
M-1452,S3730,Othr,L-R,1,unknown,joyboseroy/indus_decipher:indus_website
M-1456,S3733,Loop,L-R,1,unknown,joyboseroy/indus_decipher:indus_website
M-1457,S3734,Loop,L-R,1,unknown,joyboseroy/indus_decipher:indus_website
M-1458,S3735,unknown,L-R,1,unknown,joyboseroy/indus_decipher:indus_website
M-1461,S3736,unknown,L-R,1,unknown,joyboseroy/indus_decipher:indus_website
M-1470,S3738,Bull1:W,L-R,1,unknown,joyboseroy/indus_decipher:indus_website
M-1475,S3741,Buff,L-R,1,unknown,joyboseroy/indus_decipher:indus_website
M-1476,S3742,Buff,L-R,1,unknown,joyboseroy/indus_decipher:indus_website
M-1479,S3745,unknown,L-R,1,unknown,joyboseroy/indus_decipher:indus_website
M-1480,S3746,unknown,L-R,1,unknown,joyboseroy/indus_decipher:indus_website
M-1482,S3747,Elep,L-R,1,unknown,joyboseroy/indus_decipher:indus_website
M-1483,S3748,Elep,L-R,1,unknown,joyboseroy/indus_decipher:indus_website
M-1484,S3749,Elep,L-R,1,unknown,joyboseroy/indus_decipher:indus_website
M-1485,S3750,Elep,L-R,1,unknown,joyboseroy/indus_decipher:indus_website
M-1486,S3751,Elep,L-R,1,unknown,joyboseroy/indus_decipher:indus_website
M-1488,S3752,Elep,L-R,1,unknown,joyboseroy/indus_decipher:indus_website
M-1491,S3753,Hare,L-R,1,unknown,joyboseroy/indus_decipher:indus_website
M-1492,S3754,Hare,L-R,1,unknown,joyboseroy/indus_decipher:indus_website
M-1493,S3755,Hare,L-R,1,unknown,joyboseroy/indus_decipher:indus_website
M-1494,S3756,Hare,L-R,1,unknown,joyboseroy/indus_decipher:indus_website
M-1497,S3757,unknown,L-R,1,unknown,joyboseroy/indus_decipher:indus_website
M-1499,S3759,Othr,L-R,1,unknown,joyboseroy/indus_decipher:indus_website
M-1503,S3760,Othr,L-R,1,unknown,joyboseroy/indus_decipher:indus_website
M-1504,S3761,Othr,L-R,1,unknown,joyboseroy/indus_decipher:indus_website
M-1505,S3762,Othr,L-R,1,unknown,joyboseroy/indus_decipher:indus_website
M-1506,S3763,Othr,L-R,1,unknown,joyboseroy/indus_decipher:indus_website
M-1507,S3764,Othr,L-R,1,unknown,joyboseroy/indus_decipher:indus_website
M-1508,S3765,Othr,L-R,1,unknown,joyboseroy/indus_decipher:indus_website
M-1509,S3766,Othr,L-R,1,unknown,joyboseroy/indus_decipher:indus_website
M-1512,S3767,Othr,L-R,1,unknown,joyboseroy/indus_decipher:indus_website
M-1513,S3768,Othr,L-R,1,unknown,joyboseroy/indus_decipher:indus_website
M-1515,S3770,Othr,L-R,1,unknown,joyboseroy/indus_decipher:indus_website
M-1516,S3771,Othr,L-R,1,unknown,joyboseroy/indus_decipher:indus_website
M-1517,S3772,Tigr,L-R,1,unknown,joyboseroy/indus_decipher:indus_website
M-1520,S3773,Othr,L-R,1,unknown,joyboseroy/indus_decipher:indus_website
M-1521,S3774,Rhin,L-R,1,unknown,joyboseroy/indus_decipher:indus_website
M-1522,S3775,Rhin,L-R,1,unknown,joyboseroy/indus_decipher:indus_website
M-1523,S3776,Comp,L-R,1,unknown,joyboseroy/indus_decipher:indus_website
M-1524,S3777,unknown,L-R,1,unknown,joyboseroy/indus_decipher:indus_website
M-1528,S3778,unknown,L-R,1,unknown,joyboseroy/indus_decipher:indus_website
M-1529,S3779,Comp,L-R,1,unknown,joyboseroy/indus_decipher:indus_website
M-1530,S3780,Othr,L-R,1,unknown,joyboseroy/indus_decipher:indus_website
M-1531,S3781,Othr,L-R,1,unknown,joyboseroy/indus_decipher:indus_website
M-1532,S3782,Othr,L-R,1,unknown,joyboseroy/indus_decipher:indus_website
M-1534,S3783,Othr,L-R,1,unknown,joyboseroy/indus_decipher:indus_website
M-1535,S3784,Anth,L-R,1,unknown,joyboseroy/indus_decipher:indus_website
M-1536,S3785,Anth,L-R,1,unknown,joyboseroy/indus_decipher:indus_website
M-1540,S3786,Anth,L-R,1,unknown,joyboseroy/indus_decipher:indus_website
M-1547,S3787,unknown,L-R,1,unknown,joyboseroy/indus_decipher:indus_website
M-1548,S3788,unknown,L-R,1,unknown,joyboseroy/indus_decipher:indus_website
M-1550,S3790,unknown,L-R,1,unknown,joyboseroy/indus_decipher:indus_website
M-1555,S3791,unknown,L-R,1,unknown,joyboseroy/indus_decipher:indus_website
M-1556,S3792,unknown,L-R,1,unknown,joyboseroy/indus_decipher:indus_website
M-1557,S3793,unknown,L-R,1,unknown,joyboseroy/indus_decipher:indus_website
M-1558,S3794,unknown,L-R,1,unknown,joyboseroy/indus_decipher:indus_website
M-1569,S3798,unknown,L-R,1,unknown,joyboseroy/indus_decipher:indus_website
M-1576,S3800,unknown,L-R,1,unknown,joyboseroy/indus_decipher:indus_website
M-1577,S3801,unknown,L-R,1,unknown,joyboseroy/indus_decipher:indus_website
M-1597,S3814,unknown,L-R,1,unknown,joyboseroy/indus_decipher:indus_website
M-1601,S3815,unknown,L-R,1,unknown,joyboseroy/indus_decipher:indus_website
M-1626,S3820,unknown,R-L,1,unknown,joyboseroy/indus_decipher:indus_website
M-1629,S3823,unknown,L-R,1,unknown,joyboseroy/indus_decipher:indus_website
M-1651,S3841,unknown,L-R,1,unknown,joyboseroy/indus_decipher:indus_website
M-1652,S3842,unknown,L-R,1,unknown,joyboseroy/indus_decipher:indus_website
M-1654,S3843,Bult,L-R,1,unknown,joyboseroy/indus_decipher:indus_website
M-1658,S3844,unknown,L-R,1,unknown,joyboseroy/indus_decipher:indus_website
M-182,S3845,Bull1:S,L-R,1,unknown,joyboseroy/indus_decipher:indus_website
M-859,S3848,Bull1,L-R,1,unknown,joyboseroy/indus_decipher:indus_website
Ns-5,S3853,Bull1:J,L-R,1,unknown,joyboseroy/indus_decipher:indus_website
Ns-6,S3854,Bull1:J,L-R,1,unknown,joyboseroy/indus_decipher:indus_website
Ns-7,S3855,Bull1:J,L-R,1,unknown,joyboseroy/indus_decipher:indus_website
Ns-8,S3856,Bull1,L-R,1,unknown,joyboseroy/indus_decipher:indus_website
Nd-2,S3859,Bull1:W,L-R,1,unknown,joyboseroy/indus_decipher:indus_website
Rgr-3,S3868,Bull1,L-R,1,unknown,joyboseroy/indus_decipher:indus_website
Rgr-1,S3869,Bull1:J,L-R,1,unknown,joyboseroy/indus_decipher:indus_website
Rpr-1,S3873,Bult,R-L,1,unknown,joyboseroy/indus_decipher:indus_website
Sktd-1,S3875,Bull1,L-R,1,unknown,joyboseroy/indus_decipher:indus_website
Sktd-2,S3876,unknown,L-R,1,unknown,joyboseroy/indus_decipher:indus_website
?-3,S3892,unknown,L-R,1,unknown,joyboseroy/indus_decipher:indus_website
?-5,S3894,unknown,L-R,1,unknown,joyboseroy/indus_decipher:indus_website
?-6,S3895,unknown,L-R,1,unknown,joyboseroy/indus_decipher:indus_website
M-1734,S3903,Bull1:W,L-R,1,unknown,joyboseroy/indus_decipher:indus_website
M-1664,S3905,Bull1:W,L-R,1,unknown,joyboseroy/indus_decipher:indus_website
M-1666,S3906,Bull1:W,L-R,1,unknown,joyboseroy/indus_decipher:indus_website
M-1669,S3907,Bull1:W,R-L,1,unknown,joyboseroy/indus_decipher:indus_website
M-1670,S3908,Bull1:II,L-R,1,unknown,joyboseroy/indus_decipher:indus_website
M-1698,S3909,Bull1:W,L-R,1,unknown,joyboseroy/indus_decipher:indus_website
H-1550,S3912,unknown,L-R,1,unknown,joyboseroy/indus_decipher:indus_website
H-1021,S3915,Bull1:W,L-R,1,unknown,joyboseroy/indus_decipher:indus_website
H-1022,S3916,Bull1:W,L-R,1,unknown,joyboseroy/indus_decipher:indus_website
H-1024,S3918,Bull1:W,L-R,1,unknown,joyboseroy/indus_decipher:indus_website
H-1036,S3921,Bull1,L-R,1,unknown,joyboseroy/indus_decipher:indus_website
H-1046,S3924,Bull1:W,L-R,1,unknown,joyboseroy/indus_decipher:indus_website
H-1048,S3925,Bull1:W,L-R,1,unknown,joyboseroy/indus_decipher:indus_website
H-1049,S3926,Bull1:W,L-R,1,unknown,joyboseroy/indus_decipher:indus_website
H-1075,S3927,unknown,L-R,1,unknown,joyboseroy/indus_decipher:indus_website
H-1076,S3930,unknown,L-R,1,unknown,joyboseroy/indus_decipher:indus_website
H-2137,S3932,unknown,L-R,1,unknown,joyboseroy/indus_decipher:indus_website
H-2282,S3934,unknown,L-R,1,unknown,joyboseroy/indus_decipher:indus_website
H-2283,S3935,unknown,L-R,1,unknown,joyboseroy/indus_decipher:indus_website
H-1126,S3949,unknown,L-R,1,unknown,joyboseroy/indus_decipher:indus_website
H-1084,S3950,unknown,L-R,1,unknown,joyboseroy/indus_decipher:indus_website
H-1100,S3959,Bull2,L-R,1,unknown,joyboseroy/indus_decipher:indus_website
H-1114,S3960,unknown,L-R,1,unknown,joyboseroy/indus_decipher:indus_website
H-1104,S3965,Phyt,L-R,1,unknown,joyboseroy/indus_decipher:indus_website
H-1105,S3966,Phyt,L-R,1,unknown,joyboseroy/indus_decipher:indus_website
H-1107,S3967,Phyt,L-R,1,unknown,joyboseroy/indus_decipher:indus_website
H-1124,S3969,unknown,L-R,1,unknown,joyboseroy/indus_decipher:indus_website
H-1130,S3970,unknown,L-R,1,unknown,joyboseroy/indus_decipher:indus_website
H-1131,S3971,unknown,L-R,1,unknown,joyboseroy/indus_decipher:indus_website
H-1137,S3975,unknown,L-R,1,unknown,joyboseroy/indus_decipher:indus_website
H-1140,S3976,unknown,L-R,1,unknown,joyboseroy/indus_decipher:indus_website
H-1148,S3978,unknown,L-R,1,unknown,joyboseroy/indus_decipher:indus_website
H-1149,S3979,unknown,L-R,1,unknown,joyboseroy/indus_decipher:indus_website
M-1727,S3984,Bull1:W,L-R,1,unknown,joyboseroy/indus_decipher:indus_website
M-1736,S3985,Bull1:S,L-R,1,unknown,joyboseroy/indus_decipher:indus_website
M-1773,S3987,Bull1,L-R,1,unknown,joyboseroy/indus_decipher:indus_website
M-1782,S3988,Bull1,L-R,1,unknown,joyboseroy/indus_decipher:indus_website
M-1806,S3990,Bull1:S,L-R,1,unknown,joyboseroy/indus_decipher:indus_website
M-1823,S3991,Bull1:S,L-R,1,unknown,joyboseroy/indus_decipher:indus_website
M-1825,S3992,Bull1,L-R,1,unknown,joyboseroy/indus_decipher:indus_website
M-1835,S3993,Bull1:O,L-R,1,unknown,joyboseroy/indus_decipher:indus_website
M-1843,S3995,Bull1:I,L-R,1,unknown,joyboseroy/indus_decipher:indus_website
M-1852,S3996,Bull1,L-R,1,unknown,joyboseroy/indus_decipher:indus_website
M-1856,S3997,Bull1,L-R,1,unknown,joyboseroy/indus_decipher:indus_website
M-1894,S4001,Zebu,L-R,1,unknown,joyboseroy/indus_decipher:indus_website
M-1909,S4002,Rhin,L-R,1,unknown,joyboseroy/indus_decipher:indus_website
M-1930,S4004,unknown,L-R,1,unknown,joyboseroy/indus_decipher:indus_website
M-1958,S4005,unknown,L-R,1,unknown,joyboseroy/indus_decipher:indus_website
M-1962,S4007,unknown,L-R,1,unknown,joyboseroy/indus_decipher:indus_website
M-1973,S4010,unknown,L-R,1,unknown,joyboseroy/indus_decipher:indus_website
M-1979,S4011,unknown,L-R,1,unknown,joyboseroy/indus_decipher:indus_website
M-2000,S4014,Bull1,L-R,1,unknown,joyboseroy/indus_decipher:indus_website
M-2012,S4015,Bull1,L-R,1,unknown,joyboseroy/indus_decipher:indus_website
M-2021,S4016,Mult,L-R,1,unknown,joyboseroy/indus_decipher:indus_website
M-2030,S4020,unknown,L-R,1,unknown,joyboseroy/indus_decipher:indus_website
M-2033,S4022,Scene,L-R,1,unknown,joyboseroy/indus_decipher:indus_website
M-2042,S4023,Elep,L-R,1,unknown,joyboseroy/indus_decipher:indus_website
M-2046,S4025,Gaur,L-R,1,unknown,joyboseroy/indus_decipher:indus_website
M-2050,S4029,Anth,L-R,1,unknown,joyboseroy/indus_decipher:indus_website
M-2055,S4030,unknown,L-R,1,unknown,joyboseroy/indus_decipher:indus_website
H-1178,S4031,unknown,L-R,1,unknown,joyboseroy/indus_decipher:indus_website
M-2080,S4032,unknown,L-R,1,unknown,joyboseroy/indus_decipher:indus_website
M-2086,S4033,unknown,L-R,1,unknown,joyboseroy/indus_decipher:indus_website
M-2097,S4036,unknown,L-R,1,unknown,joyboseroy/indus_decipher:indus_website
M-2101,S4039,unknown,L-R,1,unknown,joyboseroy/indus_decipher:indus_website
M-2102,S4040,unknown,L-R,1,unknown,joyboseroy/indus_decipher:indus_website
M-2128,S4047,unknown,L-R,1,unknown,joyboseroy/indus_decipher:indus_website
H-897,S4052,unknown,L-R,1,unknown,joyboseroy/indus_decipher:indus_website
H-1191,S4056,unknown,L-R,1,unknown,joyboseroy/indus_decipher:indus_website
H-1198,S4059,unknown,L-R,1,unknown,joyboseroy/indus_decipher:indus_website
H-1281,S4068,unknown,L-R,1,unknown,joyboseroy/indus_decipher:indus_website
H-1284,S4069,unknown,R-L,1,unknown,joyboseroy/indus_decipher:indus_website
H-1320,S4072,unknown,L-R,1,unknown,joyboseroy/indus_decipher:indus_website
H-1302,S4073,unknown,R-L,1,unknown,joyboseroy/indus_decipher:indus_website
H-1295,S4074,unknown,L-R,1,unknown,joyboseroy/indus_decipher:indus_website
H-1303,S4077,unknown,R-L,1,unknown,joyboseroy/indus_decipher:indus_website
H-1332,S4082,unknown,L-R,1,unknown,joyboseroy/indus_decipher:indus_website
H-1342,S4084,Gavi+Bult,L-R,1,unknown,joyboseroy/indus_decipher:indus_website
H-1344,S4085,Bult,L-R,1,unknown,joyboseroy/indus_decipher:indus_website
H-1345,S4086,Bult,L-R,1,unknown,joyboseroy/indus_decipher:indus_website
H-1346,S4087,Bult,L-R,1,unknown,joyboseroy/indus_decipher:indus_website
H-1347,S4088,Bult,L-R,1,unknown,joyboseroy/indus_decipher:indus_website
H-1350,S4090,Bult,L-R,1,unknown,joyboseroy/indus_decipher:indus_website
H-1367,S4097,unknown,L-R,1,unknown,joyboseroy/indus_decipher:indus_website
H-1459,S4124,unknown,L-R,1,unknown,joyboseroy/indus_decipher:indus_website
H-1511,S4138,unknown,L-R,1,unknown,joyboseroy/indus_decipher:indus_website
H-1512,S4139,unknown,L-R,1,unknown,joyboseroy/indus_decipher:indus_website
H-1520,S4143,unknown,L-R,1,unknown,joyboseroy/indus_decipher:indus_website
H-1155,S4580,Bull1:I,L-R,1,unknown,joyboseroy/indus_decipher:indus_website
H-1101,S4597,Mult,L-R,1,unknown,joyboseroy/indus_decipher:indus_website
H-1087,S4676,unknown,L-R,1,unknown,joyboseroy/indus_decipher:indus_website
Ns-56,S4894,Bull1:I,L-R,1,unknown,joyboseroy/indus_decipher:indus_website
H-1141,S4935,Fish,L-R,1,unknown,joyboseroy/indus_decipher:indus_website
C-91,S5271,unknown,L-R,1,unknown,joyboseroy/indus_decipher:indus_website
C-94,S5272,unknown,L-R,1,unknown,joyboseroy/indus_decipher:indus_website
K-145,S5273,Bull1:J,L-R,1,unknown,joyboseroy/indus_decipher:indus_website
K-150,S5277,Gaur,L-R,1,unknown,joyboseroy/indus_decipher:indus_website
K-153,S5280,unknown,L-R,1,unknown,joyboseroy/indus_decipher:indus_website
K-156,S5281,Bull1,L-R,1,unknown,joyboseroy/indus_decipher:indus_website
K-158,S5284,unknown,L-R,1,unknown,joyboseroy/indus_decipher:indus_website
K-392,S5316,unknown,L-R,1,unknown,joyboseroy/indus_decipher:indus_website
K-427,S5341,unknown,L-R,1,unknown,joyboseroy/indus_decipher:indus_website
Ns-46,S5353,Bull1,R-L,1,unknown,joyboseroy/indus_decipher:indus_website
Ns-53,S5355,Bull1:I,L-R,1,unknown,joyboseroy/indus_decipher:indus_website
Ns-54,S5356,Bull1:J,L-R,1,unknown,joyboseroy/indus_decipher:indus_website
Ns-55,S5357,Bull1:J,L-R,1,unknown,joyboseroy/indus_decipher:indus_website
Ns-57,S5358,Bull1:I,L-R,1,unknown,joyboseroy/indus_decipher:indus_website
Ns-58,S5359,Gaur,L-R,1,unknown,joyboseroy/indus_decipher:indus_website
Ns-59,S5360,Zebu,L-R,1,unknown,joyboseroy/indus_decipher:indus_website
Ns-60,S5361,unknown,L-R,1,unknown,joyboseroy/indus_decipher:indus_website
Ns-63,S5364,unknown,R-L,1,unknown,joyboseroy/indus_decipher:indus_website
Ns-68,S5369,unknown,L-R,1,unknown,joyboseroy/indus_decipher:indus_website
Ns-86,S5383,unknown,L-R,1,unknown,joyboseroy/indus_decipher:indus_website
Ns-87,S5384,Bull1,L-R,1,unknown,joyboseroy/indus_decipher:indus_website
L-127,S5388,Bull1,L-R,1,unknown,joyboseroy/indus_decipher:indus_website
H-2585,S5389,unknown,L-R,1,unknown,joyboseroy/indus_decipher:indus_website
MQ-11,S5442,Bull1:I,R-L,1,unknown,joyboseroy/indus_decipher:indus_website
MQ-12,S5444,Bull3,R-L,1,unknown,joyboseroy/indus_decipher:indus_website
H-775,S5462,unknown,L-R,1,unknown,joyboseroy/indus_decipher:indus_website
H-1304,S5470,unknown,L-R,1,unknown,joyboseroy/indus_decipher:indus_website
K-475,S5495,unknown,L-R,1,unknown,joyboseroy/indus_decipher:indus_website
M-1599,S5523,unknown,R-L,1,unknown,joyboseroy/indus_decipher:indus_website
M-1999,S5527,unknown,R-L,1,unknown,joyboseroy/indus_decipher:indus_website
